shift_Id,doct_Id,nurse_Id,helper_Id,shift_Date,shift_Start,shift_End
70001,1147,,,19-05-2025,08:00:00,12:00:00
70002,1149,,,20-05-2025,14:00:00,16:00:00
70003,1148,,,21-05-2025,06:00:00,14:00:00
70004,1150,,,22-05-2025,14:00:00,22:00:00
70005,1147,,,23-05-2025,18:00:00,02:00:00
70006,1156,,,24-05-2025,22:00:00,06:00:00
70007,1152,,,25-05-2025,08:00:00,16:00:00
70008,1174,,,26-05-2025,12:00:00,20:00:00
70009,1153,,,27-05-2025,08:00:00,16:00:00
70010,1151,,,28-05-2025,14:00:00,22:00:00
70011,1178,,,29-05-2025,08:00:00,16:00:00
70012,1147,,,30-05-2025,14:00:00,22:00:00
70013,1180,,,31-05-2025,08:00:00,16:00:00
70014,1169,,,01-06-2025,14:00:00,22:00:00
70015,1178,,,02-06-2025,07:00:00,15:00:00
70016,1001,,,19-05-2025,15:00:00,23:00:00
70017,1002,,,20-05-2025,19:00:00,03:00:00
70018,1001,,,21-05-2025,23:00:00,07:00:00
70019,1002,,,22-05-2025,07:00:00,15:00:00
70020,1048,,,23-05-2025,15:00:00,23:00:00
70021,1043,,,24-05-2025,19:00:00,03:00:00
70022,1060,,,25-05-2025,23:00:00,07:00:00
70023,1090,,,26-05-2025,08:00:00,16:00:00
70024,1092,,,27-05-2025,14:00:00,22:00:00
70025,1082,,,28-05-2025,08:00:00,16:00:00
70026,1093,,,29-05-2025,08:00:00,16:00:00
70027,1097,,,30-05-2025,14:00:00,22:00:00
70028,1103,,,31-05-2025,08:00:00,16:00:00
70029,1105,,,01-06-2025,14:00:00,22:00:00
70030,1098,,,02-06-2025,08:00:00,16:00:00
70031,1107,,,19-05-2025,08:00:00,16:00:00
70032,1108,,,20-05-2025,14:00:00,22:00:00
70033,1112,,,21-05-2025,08:00:00,16:00:00
70034,1113,,,22-05-2025,14:00:00,22:00:00
70035,1118,,,23-05-2025,08:00:00,16:00:00
70036,1120,,,24-05-2025,14:00:00,22:00:00
70037,1123,,,25-05-2025,08:00:00,16:00:00
70038,1122,,,26-05-2025,14:00:00,22:00:00
70039,1128,,,27-05-2025,08:00:00,16:00:00
70040,1127,,,28-05-2025,14:00:00,22:00:00
70041,1137,,,29-05-2025,08:00:00,16:00:00
70042,1138,,,30-05-2025,14:00:00,22:00:00
70043,1142,,,31-05-2025,08:00:00,16:00:00
70044,1182,,,01-06-2025,06:00:00,14:00:00
70045,1166,,,02-06-2025,14:00:00,22:00:00
70046,1154,,,19-05-2025,22:00:00,06:00:00
70047,1162,,,20-05-2025,06:00:00,14:00:00
70048,1185,,,21-05-2025,08:00:00,16:00:00
70049,1189,,,22-05-2025,14:00:00,22:00:00
70050,1187,,,23-05-2025,08:00:00,16:00:00
70051,1190,,,24-05-2025,08:00:00,16:00:00
70052,1195,,,25-05-2025,14:00:00,22:00:00
70053,1194,,,26-05-2025,08:00:00,16:00:00
70054,1200,,,27-05-2025,08:00:00,16:00:00
70055,1201,,,28-05-2025,14:00:00,22:00:00
70056,1226,,,29-05-2025,08:00:00,16:00:00
70057,1204,,,30-05-2025,14:00:00,22:00:00
70058,1220,,,31-05-2025,08:00:00,16:00:00
70059,1253,,,01-06-2025,08:00:00,16:00:00
70060,1251,,,02-06-2025,14:00:00,22:00:00
70061,1249,,,19-05-2025,08:00:00,16:00:00
70062,1258,,,20-05-2025,08:00:00,16:00:00
70063,1254,,,21-05-2025,14:00:00,22:00:00
70064,1259,,,22-05-2025,08:00:00,16:00:00
70065,1269,,,23-05-2025,08:00:00,16:00:00
70066,1264,,,24-05-2025,14:00:00,22:00:00
70067,1266,,,25-05-2025,08:00:00,16:00:00
70068,1274,,,26-05-2025,08:00:00,16:00:00
70069,1273,,,27-05-2025,14:00:00,22:00:00
70070,1279,,,28-05-2025,08:00:00,16:00:00
70071,1284,,,29-05-2025,08:00:00,16:00:00
70072,1296,,,30-05-2025,14:00:00,22:00:00
70073,1283,,,31-05-2025,08:00:00,16:00:00
70074,1304,,,01-06-2025,08:00:00,16:00:00
70075,1303,,,02-06-2025,14:00:00,22:00:00
70076,1329,,,19-05-2025,08:00:00,16:00:00
70077,1318,,,20-05-2025,14:00:00,22:00:00
70078,1319,,,21-05-2025,08:00:00,16:00:00
70079,1363,,,22-05-2025,08:00:00,16:00:00
70080,1381,,,23-05-2025,14:00:00,22:00:00
70081,1378,,,24-05-2025,08:00:00,16:00:00
70082,1393,,,25-05-2025,08:00:00,16:00:00
70083,1397,,,26-05-2025,14:00:00,22:00:00
70084,1395,,,27-05-2025,08:00:00,16:00:00
70085,1005,,,28-05-2025,06:00:00,14:00:00
70086,1004,,,29-05-2025,14:00:00,22:00:00
70087,1002,,,30-05-2025,18:00:00,02:00:00
70088,1009,,,31-05-2025,08:00:00,16:00:00
70089,1017,,,01-06-2025,08:00:00,16:00:00
70090,1022,,,02-06-2025,08:00:00,16:00:00
70091,1020,,,19-05-2025,14:00:00,22:00:00
70092,1025,,,20-05-2025,08:00:00,16:00:00
70093,1062,,,21-05-2025,07:00:00,15:00:00
70094,1055,,,22-05-2025,15:00:00,23:00:00
70095,1065,,,23-05-2025,19:00:00,03:00:00
70096,1037,,,24-05-2025,23:00:00,07:00:00
70097,1052,,,25-05-2025,07:00:00,15:00:00
70098,1047,,,26-05-2025,15:00:00,23:00:00
70099,1035,,,27-05-2025,19:00:00,03:00:00
70100,1050,,,28-05-2025,23:00:00,07:00:00
70101,1085,,,29-05-2025,08:00:00,16:00:00
70102,1082,,,30-05-2025,14:00:00,22:00:00
70103,1092,,,31-05-2025,08:00:00,16:00:00
70104,1097,,,01-06-2025,08:00:00,16:00:00
70105,1095,,,02-06-2025,14:00:00,22:00:00
70106,1100,,,19-05-2025,08:00:00,16:00:00
70107,1110,,,20-05-2025,08:00:00,16:00:00
70108,1107,,,21-05-2025,14:00:00,22:00:00
70109,1115,,,22-05-2025,08:00:00,16:00:00
70110,1112,,,23-05-2025,14:00:00,22:00:00
70111,1122,,,24-05-2025,08:00:00,16:00:00
70112,1125,,,25-05-2025,14:00:00,22:00:00
70113,1127,,,26-05-2025,08:00:00,16:00:00
70114,1130,,,27-05-2025,14:00:00,22:00:00
70115,1145,,,28-05-2025,08:00:00,16:00:00
70116,1140,,,29-05-2025,14:00:00,22:00:00
70117,1137,,,30-05-2025,08:00:00,16:00:00
70118,1181,,,31-05-2025,06:00:00,14:00:00
70119,1157,,,01-06-2025,14:00:00,22:00:00
70120,1178,,,02-06-2025,22:00:00,06:00:00
70121,1173,,,19-05-2025,06:00:00,14:00:00
70122,1189,,,20-05-2025,08:00:00,16:00:00
70123,1192,,,21-05-2025,08:00:00,16:00:00
70124,1194,,,22-05-2025,14:00:00,22:00:00
70125,1200,,,23-05-2025,08:00:00,16:00:00
70126,1197,,,24-05-2025,14:00:00,22:00:00
70127,1244,,,25-05-2025,08:00:00,16:00:00
70128,1235,,,26-05-2025,14:00:00,22:00:00
70129,1229,,,27-05-2025,08:00:00,16:00:00
70130,1253,,,28-05-2025,08:00:00,16:00:00
70131,1258,,,29-05-2025,08:00:00,16:00:00
70132,1261,,,30-05-2025,14:00:00,22:00:00
70133,1256,,,31-05-2025,08:00:00,16:00:00
70134,1268,,,01-06-2025,08:00:00,16:00:00
70135,1273,,,02-06-2025,08:00:00,16:00:00
70136,1271,,,19-05-2025,14:00:00,22:00:00
70137,1276,,,20-05-2025,08:00:00,16:00:00
70138,1291,,,21-05-2025,08:00:00,16:00:00
70139,1283,,,22-05-2025,14:00:00,22:00:00
70140,1298,,,23-05-2025,08:00:00,16:00:00
70141,1301,,,24-05-2025,08:00:00,16:00:00
70142,1303,,,25-05-2025,14:00:00,22:00:00
70143,1306,,,26-05-2025,08:00:00,16:00:00
70144,1318,,,27-05-2025,14:00:00,22:00:00
70145,1336,,,28-05-2025,08:00:00,16:00:00
70146,1387,,,29-05-2025,08:00:00,16:00:00
70147,1372,,,30-05-2025,14:00:00,22:00:00
70148,1383,,,31-05-2025,08:00:00,16:00:00
70149,1400,,,01-06-2025,08:00:00,16:00:00
70150,1397,,,02-06-2025,14:00:00,22:00:00
70151,1005,,,19-05-2025,06:00:00,14:00:00
70152,1001,,,20-05-2025,14:00:00,22:00:00
70153,1003,,,21-05-2025,18:00:00,02:00:00
70154,1010,,,22-05-2025,08:00:00,16:00:00
70155,1011,,,23-05-2025,12:00:00,20:00:00
70156,1013,,,24-05-2025,08:00:00,16:00:00
70157,1018,,,25-05-2025,08:00:00,16:00:00
70158,1020,,,26-05-2025,08:00:00,16:00:00
70159,1023,,,27-05-2025,14:00:00,22:00:00
70160,1025,,,28-05-2025,08:00:00,16:00:00
70161,1040,,,29-05-2025,07:00:00,15:00:00
70162,1078,,,30-05-2025,15:00:00,23:00:00
70163,1063,,,31-05-2025,19:00:00,03:00:00
70164,1053,,,01-06-2025,23:00:00,07:00:00
70165,1050,,,02-06-2025,07:00:00,15:00:00
70166,1033,,,19-05-2025,15:00:00,23:00:00
70167,1043,,,20-05-2025,19:00:00,03:00:00
70168,1038,,,21-05-2025,23:00:00,07:00:00
70169,1083,,,22-05-2025,08:00:00,16:00:00
70170,1088,,,23-05-2025,14:00:00,22:00:00
70171,1080,,,24-05-2025,08:00:00,16:00:00
70172,1093,,,25-05-2025,08:00:00,16:00:00
70173,1095,,,26-05-2025,14:00:00,22:00:00
70174,1098,,,27-05-2025,08:00:00,16:00:00
70175,1100,,,28-05-2025,14:00:00,22:00:00
70176,1103,,,29-05-2025,08:00:00,16:00:00
70177,1110,,,30-05-2025,08:00:00,16:00:00
70178,1108,,,31-05-2025,14:00:00,22:00:00
70179,1115,,,01-06-2025,08:00:00,16:00:00
70180,1113,,,02-06-2025,14:00:00,22:00:00
70181,1118,,,19-05-2025,08:00:00,16:00:00
70182,1125,,,20-05-2025,08:00:00,16:00:00
70183,1123,,,21-05-2025,14:00:00,22:00:00
70184,1128,,,22-05-2025,08:00:00,16:00:00
70185,1130,,,23-05-2025,14:00:00,22:00:00
70186,1143,,,24-05-2025,08:00:00,16:00:00
70187,1140,,,25-05-2025,14:00:00,22:00:00
70188,1145,,,26-05-2025,08:00:00,16:00:00
70189,1168,,,27-05-2025,06:00:00,14:00:00
70190,1164,,,28-05-2025,14:00:00,22:00:00
70191,1160,,,29-05-2025,22:00:00,06:00:00
70192,1172,,,30-05-2025,06:00:00,14:00:00
70193,1185,,,31-05-2025,08:00:00,16:00:00
70194,1192,,,01-06-2025,08:00:00,16:00:00
70195,1195,,,02-06-2025,14:00:00,22:00:00
70196,1190,,,19-05-2025,08:00:00,16:00:00
70197,1201,,,20-05-2025,08:00:00,16:00:00
70198,1197,,,21-05-2025,14:00:00,22:00:00
70199,1234,,,22-05-2025,08:00:00,16:00:00
70200,1242,,,23-05-2025,14:00:00,22:00:00
70201,1246,,,24-05-2025,08:00:00,16:00:00
70202,1249,,,25-05-2025,08:00:00,16:00:00
70203,1261,,,26-05-2025,08:00:00,16:00:00
70204,1254,,,27-05-2025,14:00:00,22:00:00
70205,1256,,,28-05-2025,08:00:00,16:00:00
70206,1269,,,29-05-2025,08:00:00,16:00:00
70207,1264,,,30-05-2025,14:00:00,22:00:00
70208,1274,,,31-05-2025,08:00:00,16:00:00
70209,1271,,,01-06-2025,14:00:00,22:00:00
70210,1279,,,02-06-2025,08:00:00,16:00:00
70211,1276,,,19-05-2025,14:00:00,22:00:00
70212,1299,,,20-05-2025,08:00:00,16:00:00
70213,1294,,,21-05-2025,14:00:00,22:00:00
70214,1286,,,22-05-2025,08:00:00,16:00:00
70215,1304,,,23-05-2025,08:00:00,16:00:00
70216,1301,,,24-05-2025,14:00:00,22:00:00
70217,1334,,,25-05-2025,08:00:00,16:00:00
70218,1324,,,26-05-2025,14:00:00,22:00:00
70219,1316,,,27-05-2025,08:00:00,16:00:00
70220,1366,,,28-05-2025,08:00:00,16:00:00
70221,1381,,,29-05-2025,14:00:00,22:00:00
70222,1375,,,30-05-2025,08:00:00,16:00:00
70223,1398,,,31-05-2025,08:00:00,16:00:00
70224,1393,,,01-06-2025,14:00:00,22:00:00
70225,1400,,,02-06-2025,08:00:00,16:00:00
70226,1006,,,19-05-2025,06:00:00,14:00:00
70227,1007,,,20-05-2025,14:00:00,22:00:00
70228,1002,,,21-05-2025,18:00:00,02:00:00
70229,1004,,,22-05-2025,22:00:00,06:00:00
70230,1012,,,23-05-2025,08:00:00,16:00:00
70231,1008,,,24-05-2025,12:00:00,20:00:00
70232,1014,,,25-05-2025,08:00:00,16:00:00
70233,1015,,,26-05-2025,14:00:00,22:00:00
70234,1019,,,27-05-2025,08:00:00,16:00:00
70235,1016,,,28-05-2025,14:00:00,22:00:00
70236,1021,,,29-05-2025,08:00:00,16:00:00
70237,1026,,,30-05-2025,08:00:00,16:00:00
70238,1024,,,31-05-2025,14:00:00,22:00:00
70239,1069,,,01-06-2025,07:00:00,15:00:00
70240,1057,,,02-06-2025,15:00:00,23:00:00
70241,1044,,,19-05-2025,19:00:00,03:00:00
70242,1027,,,20-05-2025,23:00:00,07:00:00
70243,1054,,,21-05-2025,07:00:00,15:00:00
70244,1075,,,22-05-2025,15:00:00,23:00:00
70245,1034,,,23-05-2025,19:00:00,03:00:00
70246,1045,,,24-05-2025,23:00:00,07:00:00
70247,1079,,,25-05-2025,08:00:00,16:00:00
70248,1090,,,26-05-2025,14:00:00,22:00:00
70249,1081,,,27-05-2025,08:00:00,16:00:00
70250,1096,,,28-05-2025,08:00:00,16:00:00
70251,1094,,,29-05-2025,14:00:00,22:00:00
70252,1104,,,30-05-2025,08:00:00,16:00:00
70253,1101,,,31-05-2025,14:00:00,22:00:00
70254,1099,,,01-06-2025,08:00:00,16:00:00
70255,1109,,,02-06-2025,08:00:00,16:00:00
70256,1106,,,19-05-2025,14:00:00,22:00:00
70257,1116,,,20-05-2025,08:00:00,16:00:00
70258,1111,,,21-05-2025,14:00:00,22:00:00
70259,1114,,,22-05-2025,08:00:00,16:00:00
70260,1119,,,23-05-2025,08:00:00,16:00:00
70261,1117,,,24-05-2025,14:00:00,22:00:00
70262,1120,,,25-05-2025,08:00:00,16:00:00
70263,1124,,,26-05-2025,08:00:00,16:00:00
70264,1129,,,27-05-2025,08:00:00,16:00:00
70265,1126,,,28-05-2025,14:00:00,22:00:00
70266,1136,,,29-05-2025,08:00:00,16:00:00
70267,1131,,,30-05-2025,14:00:00,22:00:00
70268,1135,,,31-05-2025,08:00:00,16:00:00
70269,1158,,,01-06-2025,06:00:00,14:00:00
70270,1166,,,02-06-2025,14:00:00,22:00:00
70271,1162,,,19-05-2025,22:00:00,06:00:00
70272,1170,,,20-05-2025,06:00:00,14:00:00
70273,1186,,,21-05-2025,08:00:00,16:00:00
70274,1188,,,22-05-2025,14:00:00,22:00:00
70275,1187,,,23-05-2025,08:00:00,16:00:00
70276,1191,,,24-05-2025,08:00:00,16:00:00
70277,1193,,,25-05-2025,14:00:00,22:00:00
70278,1198,,,26-05-2025,08:00:00,16:00:00
70279,1196,,,27-05-2025,14:00:00,22:00:00
70280,1199,,,28-05-2025,08:00:00,16:00:00
70281,1213,,,29-05-2025,08:00:00,16:00:00
70282,1202,,,30-05-2025,14:00:00,22:00:00
70283,1238,,,31-05-2025,08:00:00,16:00:00
70284,1251,,,01-06-2025,08:00:00,16:00:00
70285,1250,,,02-06-2025,14:00:00,22:00:00
70286,1252,,,19-05-2025,08:00:00,16:00:00
70287,1257,,,20-05-2025,08:00:00,16:00:00
70288,1255,,,21-05-2025,14:00:00,22:00:00
70289,1262,,,22-05-2025,08:00:00,16:00:00
70290,1267,,,23-05-2025,08:00:00,16:00:00
70291,1266,,,24-05-2025,14:00:00,22:00:00
70292,1265,,,25-05-2025,08:00:00,16:00:00
70293,1272,,,26-05-2025,08:00:00,16:00:00
70294,1270,,,27-05-2025,14:00:00,22:00:00
70295,1278,,,28-05-2025,08:00:00,16:00:00
70296,1277,,,29-05-2025,14:00:00,22:00:00
70297,1275,,,30-05-2025,08:00:00,16:00:00
70298,1300,,,31-05-2025,08:00:00,16:00:00
70299,1297,,,01-06-2025,14:00:00,22:00:00
70300,1285,,,02-06-2025,08:00:00,16:00:00
70301,1302,,,19-05-2025,08:00:00,16:00:00
70302,1323,,,20-05-2025,08:00:00,16:00:00
70303,1320,,,21-05-2025,14:00:00,22:00:00
70304,1337,,,22-05-2025,08:00:00,16:00:00
70305,1362,,,23-05-2025,08:00:00,16:00:00
70306,1354,,,24-05-2025,14:00:00,22:00:00
70307,1363,,,25-05-2025,08:00:00,16:00:00
70308,1396,,,26-05-2025,08:00:00,16:00:00
70309,1394,,,27-05-2025,14:00:00,22:00:00
70310,1399,,,28-05-2025,08:00:00,16:00:00
70311,1003,,,29-05-2025,06:00:00,14:00:00
70312,1006,,,30-05-2025,14:00:00,22:00:00
70313,1009,,,31-05-2025,08:00:00,16:00:00
70314,1013,,,01-06-2025,08:00:00,16:00:00
70315,1018,,,02-06-2025,08:00:00,16:00:00
70316,1016,,,19-05-2025,14:00:00,22:00:00
70317,1023,,,20-05-2025,08:00:00,16:00:00
70318,1020,,,21-05-2025,14:00:00,22:00:00
70319,1021,,,22-05-2025,08:00:00,16:00:00
70320,1025,,,23-05-2025,08:00:00,16:00:00
70321,1026,,,24-05-2025,14:00:00,22:00:00
70322,1063,,,25-05-2025,07:00:00,15:00:00
70323,1053,,,26-05-2025,15:00:00,23:00:00
70324,1031,,,27-05-2025,19:00:00,03:00:00
70325,1042,,,28-05-2025,23:00:00,07:00:00
70326,1051,,,29-05-2025,07:00:00,15:00:00
70327,1043,,,30-05-2025,15:00:00,23:00:00
70328,1040,,,31-05-2025,19:00:00,03:00:00
70329,1036,,,01-06-2025,23:00:00,07:00:00
70330,1081,,,02-06-2025,08:00:00,16:00:00
70331,1085,,,19-05-2025,14:00:00,22:00:00
70332,1080,,,20-05-2025,08:00:00,16:00:00
70333,1096,,,21-05-2025,08:00:00,16:00:00
70334,1095,,,22-05-2025,14:00:00,22:00:00
70335,1093,,,23-05-2025,08:00:00,16:00:00
70336,1100,,,24-05-2025,08:00:00,16:00:00
70337,1102,,,25-05-2025,14:00:00,22:00:00
70338,1101,,,26-05-2025,08:00:00,16:00:00
70339,1110,,,27-05-2025,08:00:00,16:00:00
70340,1106,,,28-05-2025,14:00:00,22:00:00
70341,1108,,,29-05-2025,08:00:00,16:00:00
70342,1115,,,30-05-2025,08:00:00,16:00:00
70343,1111,,,31-05-2025,14:00:00,22:00:00
70344,1116,,,01-06-2025,08:00:00,16:00:00
70345,1118,,,02-06-2025,08:00:00,16:00:00
70346,1117,,,19-05-2025,14:00:00,22:00:00
70347,1121,,,20-05-2025,08:00:00,16:00:00
70348,1123,,,21-05-2025,08:00:00,16:00:00
70349,1125,,,22-05-2025,14:00:00,22:00:00
70350,1126,,,23-05-2025,08:00:00,16:00:00
70351,1128,,,24-05-2025,14:00:00,22:00:00
70352,1130,,,25-05-2025,08:00:00,16:00:00
70353,1140,,,26-05-2025,08:00:00,16:00:00
70354,1141,,,27-05-2025,14:00:00,22:00:00
70355,1143,,,28-05-2025,08:00:00,16:00:00
70356,1147,,,29-05-2025,06:00:00,14:00:00
70357,1175,,,30-05-2025,14:00:00,22:00:00
70358,1163,,,31-05-2025,22:00:00,06:00:00
70359,1155,,,01-06-2025,06:00:00,14:00:00
70360,1185,,,02-06-2025,08:00:00,16:00:00
70361,1188,,,19-05-2025,14:00:00,22:00:00
70362,1192,,,20-05-2025,08:00:00,16:00:00
70363,1193,,,21-05-2025,14:00:00,22:00:00
70364,1195,,,22-05-2025,08:00:00,16:00:00
70365,1199,,,23-05-2025,08:00:00,16:00:00
70366,1197,,,24-05-2025,14:00:00,22:00:00
70367,1198,,,25-05-2025,08:00:00,16:00:00
70368,1234,,,26-05-2025,08:00:00,16:00:00
70369,1222,,,27-05-2025,14:00:00,22:00:00
70370,1245,,,28-05-2025,08:00:00,16:00:00
70371,1252,,,29-05-2025,08:00:00,16:00:00
70372,1249,,,30-05-2025,14:00:00,22:00:00
70373,1262,,,31-05-2025,08:00:00,16:00:00
70374,1256,,,01-06-2025,14:00:00,22:00:00
70375,1261,,,02-06-2025,08:00:00,16:00:00
70376,1269,,,19-05-2025,08:00:00,16:00:00
70377,1264,,,20-05-2025,14:00:00,22:00:00
70378,1267,,,21-05-2025,08:00:00,16:00:00
70379,1271,,,22-05-2025,08:00:00,16:00:00
70380,1272,,,23-05-2025,14:00:00,22:00:00
70381,1274,,,24-05-2025,08:00:00,16:00:00
70382,1277,,,25-05-2025,08:00:00,16:00:00
70383,1279,,,26-05-2025,14:00:00,22:00:00
70384,1276,,,27-05-2025,08:00:00,16:00:00
70385,1297,,,28-05-2025,08:00:00,16:00:00
70386,1289,,,29-05-2025,14:00:00,22:00:00
70387,1287,,,30-05-2025,08:00:00,16:00:00
70388,1302,,,31-05-2025,08:00:00,16:00:00
70389,1304,,,01-06-2025,14:00:00,22:00:00
70390,1301,,,02-06-2025,08:00:00,16:00:00
70391,1316,,,19-05-2025,08:00:00,16:00:00
70392,1332,,,20-05-2025,14:00:00,22:00:00
70393,1336,,,21-05-2025,08:00:00,16:00:00
70394,1386,,,22-05-2025,08:00:00,16:00:00
70395,1364,,,23-05-2025,14:00:00,22:00:00
70396,1349,,,24-05-2025,08:00:00,16:00:00
70397,1400,,,25-05-2025,08:00:00,16:00:00
70398,1398,,,26-05-2025,14:00:00,22:00:00
70399,1393,,,27-05-2025,08:00:00,16:00:00
70400,1006,,,28-05-2025,06:00:00,14:00:00
70401,1007,,,29-05-2025,14:00:00,22:00:00
70402,1004,,,30-05-2025,18:00:00,02:00:00
70403,1012,,,31-05-2025,08:00:00,16:00:00
70404,1010,,,01-06-2025,12:00:00,20:00:00
70405,1015,,,02-06-2025,08:00:00,16:00:00
70406,1014,,,19-05-2025,14:00:00,22:00:00
70407,1019,,,20-05-2025,08:00:00,16:00:00
70408,1017,,,21-05-2025,14:00:00,22:00:00
70409,1022,,,22-05-2025,08:00:00,16:00:00
70410,1021,,,23-05-2025,14:00:00,22:00:00
70411,1026,,,24-05-2025,08:00:00,16:00:00
70412,1024,,,25-05-2025,14:00:00,22:00:00
70413,1067,,,26-05-2025,07:00:00,15:00:00
70414,1069,,,27-05-2025,15:00:00,23:00:00
70415,1037,,,28-05-2025,19:00:00,03:00:00
70416,1039,,,29-05-2025,23:00:00,07:00:00
70417,1075,,,30-05-2025,07:00:00,15:00:00
70418,1049,,,31-05-2025,15:00:00,23:00:00
70419,1034,,,01-06-2025,19:00:00,03:00:00
70420,1054,,,02-06-2025,23:00:00,07:00:00
70421,1084,,,19-05-2025,08:00:00,16:00:00
70422,1079,,,20-05-2025,14:00:00,22:00:00
70423,1089,,,21-05-2025,08:00:00,16:00:00
70424,1097,,,22-05-2025,08:00:00,16:00:00
70425,1094,,,23-05-2025,14:00:00,22:00:00
70426,1096,,,24-05-2025,08:00:00,16:00:00
70427,1104,,,25-05-2025,08:00:00,16:00:00
70428,1101,,,26-05-2025,14:00:00,22:00:00
70429,1105,,,27-05-2025,08:00:00,16:00:00
70430,1109,,,28-05-2025,08:00:00,16:00:00
70431,1107,,,29-05-2025,14:00:00,22:00:00
70432,1116,,,30-05-2025,08:00:00,16:00:00
70433,1114,,,31-05-2025,14:00:00,22:00:00
70434,1112,,,01-06-2025,08:00:00,16:00:00
70435,1120,,,02-06-2025,08:00:00,16:00:00
70436,1119,,,19-05-2025,14:00:00,22:00:00
70437,1124,,,20-05-2025,08:00:00,16:00:00
70438,1122,,,21-05-2025,14:00:00,22:00:00
70439,1127,,,22-05-2025,08:00:00,16:00:00
70440,1126,,,23-05-2025,14:00:00,22:00:00
70441,1129,,,24-05-2025,08:00:00,16:00:00
70442,1134,,,25-05-2025,08:00:00,16:00:00
70443,1146,,,26-05-2025,14:00:00,22:00:00
70444,1144,,,27-05-2025,08:00:00,16:00:00
70445,1148,,,28-05-2025,06:00:00,14:00:00
70446,1160,,,29-05-2025,14:00:00,22:00:00
70447,1152,,,30-05-2025,22:00:00,06:00:00
70448,1156,,,31-05-2025,06:00:00,14:00:00
70449,1189,,,01-06-2025,08:00:00,16:00:00
70450,1186,,,02-06-2025,14:00:00,22:00:00
70451,1187,,,19-05-2025,08:00:00,16:00:00
70452,1194,,,20-05-2025,08:00:00,16:00:00
70453,1193,,,21-05-2025,14:00:00,22:00:00
70454,1191,,,22-05-2025,08:00:00,16:00:00
70455,1200,,,23-05-2025,08:00:00,16:00:00
70456,1198,,,24-05-2025,14:00:00,22:00:00
70457,1196,,,25-05-2025,08:00:00,16:00:00
70458,1211,,,26-05-2025,08:00:00,16:00:00
70459,1223,,,27-05-2025,14:00:00,22:00:00
70460,1221,,,28-05-2025,08:00:00,16:00:00
70461,1250,,,29-05-2025,08:00:00,16:00:00
70462,1251,,,30-05-2025,14:00:00,22:00:00
70463,1253,,,31-05-2025,08:00:00,16:00:00
70464,1255,,,01-06-2025,08:00:00,16:00:00
70465,1260,,,02-06-2025,14:00:00,22:00:00
70466,1258,,,19-05-2025,08:00:00,16:00:00
70467,1266,,,20-05-2025,08:00:00,16:00:00
70468,1268,,,21-05-2025,14:00:00,22:00:00
70469,1265,,,22-05-2025,08:00:00,16:00:00
70470,1272,,,23-05-2025,08:00:00,16:00:00
70471,1273,,,24-05-2025,14:00:00,22:00:00
70472,1270,,,25-05-2025,08:00:00,16:00:00
70473,1277,,,26-05-2025,08:00:00,16:00:00
70474,1275,,,27-05-2025,14:00:00,22:00:00
70475,1280,,,28-05-2025,08:00:00,16:00:00
70476,1300,,,29-05-2025,08:00:00,16:00:00
70477,1288,,,30-05-2025,14:00:00,22:00:00
70478,1283,,,31-05-2025,08:00:00,16:00:00
70479,1303,,,01-06-2025,08:00:00,16:00:00
70480,1302,,,02-06-2025,14:00:00,22:00:00
70481,1332,,,19-05-2025,08:00:00,16:00:00
70482,1317,,,20-05-2025,14:00:00,22:00:00
70483,1337,,,21-05-2025,08:00:00,16:00:00
70484,1373,,,22-05-2025,08:00:00,16:00:00
70485,1365,,,23-05-2025,14:00:00,22:00:00
70486,1347,,,24-05-2025,08:00:00,16:00:00
70487,1399,,,25-05-2025,08:00:00,16:00:00
70488,1397,,,26-05-2025,14:00:00,22:00:00
70489,1394,,,27-05-2025,08:00:00,16:00:00
70490,1005,,,28-05-2025,06:00:00,14:00:00
70491,1001,,,29-05-2025,14:00:00,22:00:00
70492,1007,,,30-05-2025,18:00:00,02:00:00
70493,1003,,,31-05-2025,22:00:00,06:00:00
70494,1011,,,01-06-2025,08:00:00,16:00:00
70495,1008,,,02-06-2025,12:00:00,20:00:00
70496,1013,,,19-05-2025,08:00:00,16:00:00
70497,1015,,,20-05-2025,14:00:00,22:00:00
70498,1017,,,21-05-2025,08:00:00,16:00:00
70499,1018,,,22-05-2025,14:00:00,22:00:00
70500,1023,,,23-05-2025,08:00:00,16:00:00
70501,1022,,,24-05-2025,14:00:00,22:00:00
70502,1033,,,25-05-2025,07:00:00,15:00:00
70503,1060,,,26-05-2025,15:00:00,23:00:00
70504,1038,,,27-05-2025,19:00:00,03:00:00
70505,1043,,,28-05-2025,23:00:00,07:00:00
70506,1075,,,29-05-2025,07:00:00,15:00:00
70507,1077,,,30-05-2025,15:00:00,23:00:00
70508,1078,,,31-05-2025,19:00:00,03:00:00
70509,1047,,,01-06-2025,23:00:00,07:00:00
70510,1090,,,02-06-2025,08:00:00,16:00:00
70511,1082,,,19-05-2025,14:00:00,22:00:00
70512,1088,,,20-05-2025,08:00:00,16:00:00
70513,1097,,,21-05-2025,08:00:00,16:00:00
70514,1093,,,22-05-2025,14:00:00,22:00:00
70515,1103,,,23-05-2025,08:00:00,16:00:00
70516,1105,,,24-05-2025,14:00:00,22:00:00
70517,1098,,,25-05-2025,08:00:00,16:00:00
70518,1107,,,26-05-2025,08:00:00,16:00:00
70519,1108,,,27-05-2025,14:00:00,22:00:00
70520,1112,,,28-05-2025,08:00:00,16:00:00
70521,1113,,,29-05-2025,14:00:00,22:00:00
70522,1118,,,30-05-2025,08:00:00,16:00:00
70523,1120,,,31-05-2025,14:00:00,22:00:00
70524,1122,,,01-06-2025,08:00:00,16:00:00
70525,1123,,,02-06-2025,14:00:00,22:00:00
70526,1127,,,19-05-2025,08:00:00,16:00:00
70527,1128,,,20-05-2025,14:00:00,22:00:00
70528,1137,,,21-05-2025,08:00:00,16:00:00
70529,1143,,,22-05-2025,14:00:00,22:00:00
70530,1142,,,23-05-2025,08:00:00,16:00:00
70531,1170,,,24-05-2025,06:00:00,14:00:00
70532,1154,,,25-05-2025,14:00:00,22:00:00
70533,1166,,,26-05-2025,22:00:00,06:00:00
70534,1174,,,27-05-2025,06:00:00,14:00:00
70535,1187,,,28-05-2025,08:00:00,16:00:00
70536,1185,,,29-05-2025,14:00:00,22:00:00
70537,1189,,,30-05-2025,08:00:00,16:00:00
70538,1194,,,31-05-2025,08:00:00,16:00:00
70539,1195,,,01-06-2025,14:00:00,22:00:00
70540,1190,,,02-06-2025,08:00:00,16:00:00
70541,1200,,,19-05-2025,08:00:00,16:00:00
70542,1201,,,20-05-2025,14:00:00,22:00:00
70543,1244,,,21-05-2025,08:00:00,16:00:00
70544,1240,,,22-05-2025,14:00:00,22:00:00
70545,1232,,,23-05-2025,08:00:00,16:00:00
70546,1249,,,24-05-2025,08:00:00,16:00:00
70547,1253,,,25-05-2025,14:00:00,22:00:00
70548,1251,,,26-05-2025,08:00:00,16:00:00
70549,1259,,,27-05-2025,08:00:00,16:00:00
70550,1258,,,28-05-2025,14:00:00,22:00:00
70551,1254,,,29-05-2025,08:00:00,16:00:00
70552,1269,,,30-05-2025,08:00:00,16:00:00
70553,1264,,,31-05-2025,14:00:00,22:00:00
70554,1268,,,01-06-2025,08:00:00,16:00:00
70555,1273,,,02-06-2025,08:00:00,16:00:00
70556,1274,,,19-05-2025,14:00:00,22:00:00
70557,1279,,,20-05-2025,08:00:00,16:00:00
70558,1288,,,21-05-2025,08:00:00,16:00:00
70559,1299,,,22-05-2025,14:00:00,22:00:00
70560,1281,,,23-05-2025,08:00:00,16:00:00
70561,1303,,,24-05-2025,08:00:00,16:00:00
70562,1304,,,25-05-2025,14:00:00,22:00:00
70563,1319,,,26-05-2025,08:00:00,16:00:00
70564,1334,,,27-05-2025,14:00:00,22:00:00
70565,1339,,,28-05-2025,08:00:00,16:00:00
70566,1359,,,29-05-2025,08:00:00,16:00:00
70567,1342,,,30-05-2025,14:00:00,22:00:00
70568,1377,,,31-05-2025,08:00:00,16:00:00
70569,1393,,,01-06-2025,08:00:00,16:00:00
70570,1397,,,02-06-2025,14:00:00,22:00:00
70571,1395,,,19-05-2025,08:00:00,16:00:00
70572,1004,,,20-05-2025,06:00:00,14:00:00
70573,1002,,,21-05-2025,14:00:00,22:00:00
70574,1005,,,22-05-2025,18:00:00,02:00:00
70575,1009,,,23-05-2025,08:00:00,16:00:00
70576,1017,,,24-05-2025,08:00:00,16:00:00
70577,1020,,,25-05-2025,08:00:00,16:00:00
70578,1022,,,26-05-2025,14:00:00,22:00:00
70579,1025,,,27-05-2025,08:00:00,16:00:00
70580,1062,,,28-05-2025,07:00:00,15:00:00
70581,1037,,,29-05-2025,15:00:00,23:00:00
70582,1032,,,30-05-2025,19:00:00,03:00:00
70583,1055,,,31-05-2025,23:00:00,07:00:00
70584,1065,,,01-06-2025,07:00:00,15:00:00
70585,1070,,,02-06-2025,15:00:00,23:00:00
70586,1047,,,19-05-2025,19:00:00,03:00:00
70587,1067,,,20-05-2025,23:00:00,07:00:00
70588,1085,,,21-05-2025,08:00:00,16:00:00
70589,1092,,,22-05-2025,14:00:00,22:00:00
70590,1082,,,23-05-2025,08:00:00,16:00:00
70591,1095,,,24-05-2025,08:00:00,16:00:00
70592,1097,,,25-05-2025,14:00:00,22:00:00
70593,1100,,,26-05-2025,08:00:00,16:00:00
70594,1107,,,27-05-2025,08:00:00,16:00:00
70595,1110,,,28-05-2025,14:00:00,22:00:00
70596,1115,,,29-05-2025,08:00:00,16:00:00
70597,1112,,,30-05-2025,14:00:00,22:00:00
70598,1122,,,31-05-2025,08:00:00,16:00:00
70599,1125,,,01-06-2025,14:00:00,22:00:00
70600,1130,,,02-06-2025,08:00:00,16:00:00
70601,1127,,,19-05-2025,14:00:00,22:00:00
70602,1145,,,20-05-2025,08:00:00,16:00:00
70603,1140,,,21-05-2025,14:00:00,22:00:00
70604,1137,,,22-05-2025,08:00:00,16:00:00
70605,1165,,,23-05-2025,06:00:00,14:00:00
70606,1178,,,24-05-2025,14:00:00,22:00:00
70607,1177,,,25-05-2025,22:00:00,06:00:00
70608,1173,,,26-05-2025,06:00:00,14:00:00
70609,1189,,,27-05-2025,08:00:00,16:00:00
70610,1194,,,28-05-2025,08:00:00,16:00:00
70611,1192,,,29-05-2025,14:00:00,22:00:00
70612,1200,,,30-05-2025,08:00:00,16:00:00
70613,1197,,,31-05-2025,14:00:00,22:00:00
70614,1217,,,01-06-2025,08:00:00,16:00:00
70615,1223,,,02-06-2025,14:00:00,22:00:00
70616,1238,,,19-05-2025,08:00:00,16:00:00
70617,1253,,,20-05-2025,08:00:00,16:00:00
70618,1258,,,21-05-2025,08:00:00,16:00:00
70619,1261,,,22-05-2025,14:00:00,22:00:00
70620,1256,,,23-05-2025,08:00:00,16:00:00
70621,1268,,,24-05-2025,08:00:00,16:00:00
70622,1271,,,25-05-2025,08:00:00,16:00:00
70623,1273,,,26-05-2025,14:00:00,22:00:00
70624,1276,,,27-05-2025,08:00:00,16:00:00
70625,1283,,,28-05-2025,08:00:00,16:00:00
70626,1288,,,29-05-2025,14:00:00,22:00:00
70627,1291,,,30-05-2025,08:00:00,16:00:00
70628,1301,,,31-05-2025,08:00:00,16:00:00
70629,1303,,,01-06-2025,14:00:00,22:00:00
70630,1306,,,02-06-2025,08:00:00,16:00:00
70631,1321,,,19-05-2025,14:00:00,22:00:00
70632,1340,,,20-05-2025,08:00:00,16:00:00
70633,1383,,,21-05-2025,08:00:00,16:00:00
70634,1390,,,22-05-2025,14:00:00,22:00:00
70635,1353,,,23-05-2025,08:00:00,16:00:00
70636,1397,,,24-05-2025,08:00:00,16:00:00
70637,1400,,,25-05-2025,14:00:00,22:00:00
70638,1005,,,26-05-2025,06:00:00,14:00:00
70639,1003,,,27-05-2025,14:00:00,22:00:00
70640,1001,,,28-05-2025,18:00:00,02:00:00
70641,1011,,,29-05-2025,08:00:00,16:00:00
70642,1010,,,30-05-2025,12:00:00,20:00:00
70643,1013,,,31-05-2025,08:00:00,16:00:00
70644,1018,,,01-06-2025,08:00:00,16:00:00
70645,1023,,,02-06-2025,08:00:00,16:00:00
70646,1020,,,19-05-2025,14:00:00,22:00:00
70647,1025,,,20-05-2025,08:00:00,16:00:00
70648,1070,,,21-05-2025,07:00:00,15:00:00
70649,1068,,,22-05-2025,15:00:00,23:00:00
70650,1043,,,23-05-2025,19:00:00,03:00:00
70651,1058,,,24-05-2025,23:00:00,07:00:00
70652,1048,,,25-05-2025,07:00:00,15:00:00
70653,1053,,,26-05-2025,15:00:00,23:00:00
70654,1033,,,27-05-2025,19:00:00,03:00:00
70655,1073,,,28-05-2025,23:00:00,07:00:00
70656,1088,,,29-05-2025,08:00:00,16:00:00
70657,1085,,,30-05-2025,14:00:00,22:00:00
70658,1083,,,31-05-2025,08:00:00,16:00:00
70659,1095,,,01-06-2025,08:00:00,16:00:00
70660,1093,,,02-06-2025,14:00:00,22:00:00
70661,1103,,,19-05-2025,08:00:00,16:00:00
70662,1098,,,20-05-2025,14:00:00,22:00:00
70663,1100,,,21-05-2025,08:00:00,16:00:00
70664,1110,,,22-05-2025,08:00:00,16:00:00
70665,1108,,,23-05-2025,14:00:00,22:00:00
70666,1115,,,24-05-2025,08:00:00,16:00:00
70667,1113,,,25-05-2025,14:00:00,22:00:00
70668,1118,,,26-05-2025,08:00:00,16:00:00
70669,1123,,,27-05-2025,08:00:00,16:00:00
70670,1125,,,28-05-2025,14:00:00,22:00:00
70671,1128,,,29-05-2025,08:00:00,16:00:00
70672,1130,,,30-05-2025,14:00:00,22:00:00
70673,1133,,,31-05-2025,08:00:00,16:00:00
70674,1143,,,01-06-2025,14:00:00,22:00:00
70675,1140,,,02-06-2025,08:00:00,16:00:00
70676,1176,,,19-05-2025,06:00:00,14:00:00
70677,1164,,,20-05-2025,14:00:00,22:00:00
70678,1184,,,21-05-2025,22:00:00,06:00:00
70679,1172,,,22-05-2025,06:00:00,14:00:00
70680,1185,,,23-05-2025,08:00:00,16:00:00
70681,1192,,,24-05-2025,08:00:00,16:00:00
70682,1195,,,25-05-2025,14:00:00,22:00:00
70683,1190,,,26-05-2025,08:00:00,16:00:00
70684,1197,,,27-05-2025,08:00:00,16:00:00
70685,1201,,,28-05-2025,14:00:00,22:00:00
70686,1248,,,29-05-2025,08:00:00,16:00:00
70687,1232,,,30-05-2025,14:00:00,22:00:00
70688,1246,,,31-05-2025,08:00:00,16:00:00
70689,1249,,,01-06-2025,08:00:00,16:00:00
70690,1256,,,02-06-2025,08:00:00,16:00:00
70691,1254,,,19-05-2025,14:00:00,22:00:00
70692,1261,,,20-05-2025,08:00:00,16:00:00
70693,1264,,,21-05-2025,08:00:00,16:00:00
70694,1269,,,22-05-2025,14:00:00,22:00:00
70695,1274,,,23-05-2025,08:00:00,16:00:00
70696,1271,,,24-05-2025,14:00:00,22:00:00
70697,1276,,,25-05-2025,08:00:00,16:00:00
70698,1279,,,26-05-2025,14:00:00,22:00:00
70699,1294,,,27-05-2025,08:00:00,16:00:00
70700,1291,,,28-05-2025,14:00:00,22:00:00
70701,1286,,,29-05-2025,08:00:00,16:00:00
70702,1301,,,30-05-2025,08:00:00,16:00:00
70703,1304,,,31-05-2025,14:00:00,22:00:00
70704,1324,,,01-06-2025,08:00:00,16:00:00
70705,1334,,,02-06-2025,14:00:00,22:00:00
70706,1314,,,19-05-2025,08:00:00,16:00:00
70707,1348,,,20-05-2025,08:00:00,16:00:00
70708,1351,,,21-05-2025,14:00:00,22:00:00
70709,1345,,,22-05-2025,08:00:00,16:00:00
70710,1398,,,23-05-2025,08:00:00,16:00:00
70711,1400,,,24-05-2025,14:00:00,22:00:00
70712,1393,,,25-05-2025,08:00:00,16:00:00
70713,1002,,,26-05-2025,06:00:00,14:00:00
70714,1006,,,27-05-2025,14:00:00,22:00:00
70715,1007,,,28-05-2025,18:00:00,02:00:00
70716,1004,,,29-05-2025,22:00:00,06:00:00
70717,1012,,,30-05-2025,08:00:00,16:00:00
70718,1008,,,31-05-2025,12:00:00,20:00:00
70719,1014,,,01-06-2025,08:00:00,16:00:00
70720,1015,,,02-06-2025,14:00:00,22:00:00
70721,1016,,,19-05-2025,08:00:00,16:00:00
70722,1019,,,20-05-2025,14:00:00,22:00:00
70723,1021,,,21-05-2025,08:00:00,16:00:00
70724,1024,,,22-05-2025,08:00:00,16:00:00
70725,1026,,,23-05-2025,14:00:00,22:00:00
70726,1076,,,24-05-2025,07:00:00,15:00:00
70727,1034,,,25-05-2025,15:00:00,23:00:00
70728,1056,,,26-05-2025,19:00:00,03:00:00
70729,1061,,,27-05-2025,23:00:00,07:00:00
70730,1075,,,28-05-2025,07:00:00,15:00:00
70731,1042,,,29-05-2025,15:00:00,23:00:00
70732,1031,,,30-05-2025,19:00:00,03:00:00
70733,1044,,,31-05-2025,23:00:00,07:00:00
70734,1081,,,01-06-2025,08:00:00,16:00:00
70735,1089,,,02-06-2025,14:00:00,22:00:00
70736,1087,,,19-05-2025,08:00:00,16:00:00
70737,1094,,,20-05-2025,08:00:00,16:00:00
70738,1096,,,21-05-2025,14:00:00,22:00:00
70739,1104,,,22-05-2025,08:00:00,16:00:00
70740,1105,,,23-05-2025,14:00:00,22:00:00
70741,1101,,,24-05-2025,08:00:00,16:00:00
70742,1109,,,25-05-2025,08:00:00,16:00:00
70743,1106,,,26-05-2025,14:00:00,22:00:00
70744,1111,,,27-05-2025,08:00:00,16:00:00
70745,1116,,,28-05-2025,14:00:00,22:00:00
70746,1114,,,29-05-2025,08:00:00,16:00:00
70747,1120,,,30-05-2025,08:00:00,16:00:00
70748,1121,,,31-05-2025,14:00:00,22:00:00
70749,1119,,,01-06-2025,08:00:00,16:00:00
70750,1124,,,02-06-2025,08:00:00,16:00:00
70751,1129,,,19-05-2025,08:00:00,16:00:00
70752,1126,,,20-05-2025,14:00:00,22:00:00
70753,1139,,,21-05-2025,08:00:00,16:00:00
70754,1134,,,22-05-2025,14:00:00,22:00:00
70755,1146,,,23-05-2025,08:00:00,16:00:00
70756,1166,,,24-05-2025,06:00:00,14:00:00
70757,1154,,,25-05-2025,14:00:00,22:00:00
70758,1182,,,26-05-2025,22:00:00,06:00:00
70759,1174,,,27-05-2025,06:00:00,14:00:00
70760,1186,,,28-05-2025,08:00:00,16:00:00
70761,1187,,,29-05-2025,14:00:00,22:00:00
70762,1188,,,30-05-2025,08:00:00,16:00:00
70763,1191,,,31-05-2025,08:00:00,16:00:00
70764,1193,,,01-06-2025,14:00:00,22:00:00
70765,1198,,,02-06-2025,08:00:00,16:00:00
70766,1196,,,19-05-2025,14:00:00,22:00:00
70767,1199,,,20-05-2025,08:00:00,16:00:00
70768,1223,,,21-05-2025,08:00:00,16:00:00
70769,1205,,,22-05-2025,14:00:00,22:00:00
70770,1213,,,23-05-2025,08:00:00,16:00:00
70771,1250,,,24-05-2025,08:00:00,16:00:00
70772,1251,,,25-05-2025,14:00:00,22:00:00
70773,1252,,,26-05-2025,08:00:00,16:00:00
70774,1260,,,27-05-2025,08:00:00,16:00:00
70775,1262,,,28-05-2025,14:00:00,22:00:00
70776,1263,,,29-05-2025,08:00:00,16:00:00
70777,1265,,,30-05-2025,08:00:00,16:00:00
70778,1267,,,31-05-2025,14:00:00,22:00:00
70779,1266,,,01-06-2025,08:00:00,16:00:00
70780,1270,,,02-06-2025,08:00:00,16:00:00
70781,1272,,,19-05-2025,14:00:00,22:00:00
70782,1277,,,20-05-2025,08:00:00,16:00:00
70783,1278,,,21-05-2025,14:00:00,22:00:00
70784,1280,,,22-05-2025,08:00:00,16:00:00
70785,1297,,,23-05-2025,08:00:00,16:00:00
70786,1287,,,24-05-2025,14:00:00,22:00:00
70787,1293,,,25-05-2025,08:00:00,16:00:00
70788,1302,,,26-05-2025,08:00:00,16:00:00
70789,1307,,,27-05-2025,08:00:00,16:00:00
70790,1325,,,28-05-2025,14:00:00,22:00:00
70791,1322,,,29-05-2025,08:00:00,16:00:00
70792,1364,,,30-05-2025,08:00:00,16:00:00
70793,1357,,,31-05-2025,14:00:00,22:00:00
70794,1372,,,01-06-2025,08:00:00,16:00:00
70795,1396,,,02-06-2025,08:00:00,16:00:00
70796,1395,,,19-05-2025,14:00:00,22:00:00
70797,1394,,,20-05-2025,08:00:00,16:00:00
70798,1006,,,21-05-2025,06:00:00,14:00:00
70799,1003,,,22-05-2025,14:00:00,22:00:00
70800,1009,,,23-05-2025,08:00:00,16:00:00
70801,1013,,,24-05-2025,08:00:00,16:00:00
70802,1016,,,25-05-2025,08:00:00,16:00:00
70803,1018,,,26-05-2025,14:00:00,22:00:00
70804,1021,,,27-05-2025,08:00:00,16:00:00
70805,1023,,,28-05-2025,14:00:00,22:00:00
70806,1020,,,29-05-2025,08:00:00,16:00:00
70807,1025,,,30-05-2025,08:00:00,16:00:00
70808,1026,,,31-05-2025,14:00:00,22:00:00
70809,1040,,,01-06-2025,07:00:00,15:00:00
70810,1051,,,02-06-2025,15:00:00,23:00:00
70811,1043,,,19-05-2025,19:00:00,03:00:00
70812,1031,,,20-05-2025,23:00:00,07:00:00
70813,1055,,,21-05-2025,07:00:00,15:00:00
70814,1042,,,22-05-2025,15:00:00,23:00:00
70815,1073,,,23-05-2025,19:00:00,03:00:00
70816,1072,,,24-05-2025,23:00:00,07:00:00
70817,1081,,,25-05-2025,08:00:00,16:00:00
70818,1088,,,26-05-2025,14:00:00,22:00:00
70819,1087,,,27-05-2025,08:00:00,16:00:00
70820,1096,,,28-05-2025,08:00:00,16:00:00
70821,1095,,,29-05-2025,14:00:00,22:00:00
70822,1093,,,30-05-2025,08:00:00,16:00:00
70823,1103,,,31-05-2025,08:00:00,16:00:00
70824,1102,,,01-06-2025,14:00:00,22:00:00
70825,1101,,,02-06-2025,08:00:00,16:00:00
70826,1106,,,19-05-2025,08:00:00,16:00:00
70827,1108,,,20-05-2025,14:00:00,22:00:00
70828,1110,,,21-05-2025,08:00:00,16:00:00
70829,1116,,,22-05-2025,08:00:00,16:00:00
70830,1113,,,23-05-2025,14:00:00,22:00:00
70831,1115,,,24-05-2025,08:00:00,16:00:00
70832,1117,,,25-05-2025,08:00:00,16:00:00
70833,1121,,,26-05-2025,14:00:00,22:00:00
70834,1118,,,27-05-2025,08:00:00,16:00:00
70835,1125,,,28-05-2025,08:00:00,16:00:00
70836,1123,,,29-05-2025,14:00:00,22:00:00
70837,1130,,,30-05-2025,08:00:00,16:00:00
70838,1126,,,31-05-2025,14:00:00,22:00:00
70839,1128,,,01-06-2025,08:00:00,16:00:00
70840,1138,,,02-06-2025,08:00:00,16:00:00
70841,1131,,,19-05-2025,14:00:00,22:00:00
70842,1140,,,20-05-2025,08:00:00,16:00:00
70843,1179,,,21-05-2025,06:00:00,14:00:00
70844,1163,,,22-05-2025,14:00:00,22:00:00
70845,1171,,,23-05-2025,22:00:00,06:00:00
70846,1178,,,24-05-2025,06:00:00,14:00:00
70847,1185,,,25-05-2025,08:00:00,16:00:00
70848,1188,,,26-05-2025,14:00:00,22:00:00
70849,1192,,,27-05-2025,08:00:00,16:00:00
70850,1190,,,28-05-2025,14:00:00,22:00:00
70851,1195,,,29-05-2025,08:00:00,16:00:00
70852,1198,,,30-05-2025,08:00:00,16:00:00
70853,1197,,,31-05-2025,14:00:00,22:00:00
70854,1201,,,01-06-2025,08:00:00,16:00:00
70855,1228,,,02-06-2025,08:00:00,16:00:00
70856,1215,,,19-05-2025,14:00:00,22:00:00
70857,1245,,,20-05-2025,08:00:00,16:00:00
70858,1249,,,21-05-2025,08:00:00,16:00:00
70859,1252,,,22-05-2025,14:00:00,22:00:00
70860,1257,,,23-05-2025,08:00:00,16:00:00
70861,1259,,,24-05-2025,14:00:00,22:00:00
70862,1262,,,25-05-2025,08:00:00,16:00:00
70863,1269,,,26-05-2025,08:00:00,16:00:00
70864,1264,,,27-05-2025,14:00:00,22:00:00
70865,1267,,,28-05-2025,08:00:00,16:00:00
70866,1271,,,29-05-2025,08:00:00,16:00:00
70867,1274,,,30-05-2025,14:00:00,22:00:00
70868,1272,,,31-05-2025,08:00:00,16:00:00
70869,1278,,,01-06-2025,08:00:00,16:00:00
70870,1277,,,02-06-2025,14:00:00,22:00:00
70871,1276,,,19-05-2025,08:00:00,16:00:00
70872,1292,,,20-05-2025,08:00:00,16:00:00
70873,1287,,,21-05-2025,14:00:00,22:00:00
70874,1286,,,22-05-2025,08:00:00,16:00:00
70875,1301,,,23-05-2025,08:00:00,16:00:00
70876,1304,,,24-05-2025,14:00:00,22:00:00
70877,1302,,,25-05-2025,08:00:00,16:00:00
70878,1331,,,26-05-2025,08:00:00,16:00:00
70879,1327,,,27-05-2025,14:00:00,22:00:00
70880,1322,,,28-05-2025,08:00:00,16:00:00
70881,1344,,,29-05-2025,08:00:00,16:00:00
70882,1362,,,30-05-2025,14:00:00,22:00:00
70883,1364,,,31-05-2025,08:00:00,16:00:00
70884,1400,,,01-06-2025,08:00:00,16:00:00
70885,1393,,,02-06-2025,14:00:00,22:00:00
70886,1398,,,19-05-2025,08:00:00,16:00:00
70887,1007,,,20-05-2025,06:00:00,14:00:00
70888,1006,,,21-05-2025,14:00:00,22:00:00
70889,1004,,,22-05-2025,18:00:00,02:00:00
70890,1010,,,23-05-2025,08:00:00,16:00:00
70891,1012,,,24-05-2025,12:00:00,20:00:00
70892,1015,,,25-05-2025,08:00:00,16:00:00
70893,1014,,,26-05-2025,14:00:00,22:00:00
70894,1017,,,27-05-2025,08:00:00,16:00:00
70895,1019,,,28-05-2025,14:00:00,22:00:00
70896,1022,,,29-05-2025,08:00:00,16:00:00
70897,1021,,,30-05-2025,14:00:00,22:00:00
70898,1024,,,31-05-2025,08:00:00,16:00:00
70899,1026,,,01-06-2025,14:00:00,22:00:00
70900,1075,,,02-06-2025,07:00:00,15:00:00
70901,1067,,,19-05-2025,15:00:00,23:00:00
70902,1071,,,20-05-2025,19:00:00,03:00:00
70903,1037,,,21-05-2025,23:00:00,07:00:00
70904,1030,,,22-05-2025,07:00:00,15:00:00
70905,1044,,,23-05-2025,15:00:00,23:00:00
70906,1064,,,24-05-2025,19:00:00,03:00:00
70907,1041,,,25-05-2025,23:00:00,07:00:00
70908,1081,,,26-05-2025,08:00:00,16:00:00
70909,1092,,,27-05-2025,14:00:00,22:00:00
70910,1079,,,28-05-2025,08:00:00,16:00:00
70911,1097,,,29-05-2025,08:00:00,16:00:00
70912,1094,,,30-05-2025,14:00:00,22:00:00
70913,1096,,,31-05-2025,08:00:00,16:00:00
70914,1101,,,01-06-2025,08:00:00,16:00:00
70915,1105,,,02-06-2025,14:00:00,22:00:00
70916,1104,,,19-05-2025,08:00:00,16:00:00
70917,1107,,,20-05-2025,08:00:00,16:00:00
70918,1109,,,21-05-2025,14:00:00,22:00:00
70919,1114,,,22-05-2025,08:00:00,16:00:00
70920,1112,,,23-05-2025,14:00:00,22:00:00
70921,1116,,,24-05-2025,08:00:00,16:00:00
70922,1120,,,25-05-2025,08:00:00,16:00:00
70923,1119,,,26-05-2025,14:00:00,22:00:00
70924,1122,,,27-05-2025,08:00:00,16:00:00
70925,1124,,,28-05-2025,14:00:00,22:00:00
70926,1129,,,29-05-2025,08:00:00,16:00:00
70927,1127,,,30-05-2025,14:00:00,22:00:00
70928,1126,,,31-05-2025,08:00:00,16:00:00
70929,1134,,,01-06-2025,08:00:00,16:00:00
70930,1142,,,02-06-2025,14:00:00,22:00:00
70931,1144,,,19-05-2025,08:00:00,16:00:00
70932,1168,,,20-05-2025,06:00:00,14:00:00
70933,1180,,,21-05-2025,14:00:00,22:00:00
70934,1172,,,22-05-2025,22:00:00,06:00:00
70935,1176,,,23-05-2025,06:00:00,14:00:00
70936,1189,,,24-05-2025,08:00:00,16:00:00
70937,1186,,,25-05-2025,14:00:00,22:00:00
70938,1187,,,26-05-2025,08:00:00,16:00:00
70939,1193,,,27-05-2025,08:00:00,16:00:00
70940,1194,,,28-05-2025,14:00:00,22:00:00
70941,1191,,,29-05-2025,08:00:00,16:00:00
70942,1196,,,30-05-2025,08:00:00,16:00:00
70943,1198,,,31-05-2025,14:00:00,22:00:00
70944,1200,,,01-06-2025,08:00:00,16:00:00
70945,1235,,,02-06-2025,08:00:00,16:00:00
70946,1219,,,19-05-2025,14:00:00,22:00:00
70947,1225,,,20-05-2025,08:00:00,16:00:00
70948,1253,,,21-05-2025,08:00:00,16:00:00
70949,1251,,,22-05-2025,14:00:00,22:00:00
70950,1250,,,23-05-2025,08:00:00,16:00:00
70951,1262,,,24-05-2025,08:00:00,16:00:00
70952,1258,,,25-05-2025,14:00:00,22:00:00
70953,1257,,,26-05-2025,08:00:00,16:00:00
70954,1265,,,27-05-2025,08:00:00,16:00:00
70955,1268,,,28-05-2025,14:00:00,22:00:00
70956,1266,,,29-05-2025,08:00:00,16:00:00
70957,1272,,,30-05-2025,08:00:00,16:00:00
70958,1273,,,31-05-2025,14:00:00,22:00:00
70959,1270,,,01-06-2025,08:00:00,16:00:00
70960,1275,,,02-06-2025,08:00:00,16:00:00
70961,1280,,,19-05-2025,14:00:00,22:00:00
70962,1277,,,20-05-2025,08:00:00,16:00:00
70963,1296,,,21-05-2025,08:00:00,16:00:00
70964,1290,,,22-05-2025,14:00:00,22:00:00
70965,1287,,,23-05-2025,08:00:00,16:00:00
70966,1303,,,24-05-2025,08:00:00,16:00:00
70967,1302,,,25-05-2025,14:00:00,22:00:00
70968,1341,,,26-05-2025,08:00:00,16:00:00
70969,1330,,,27-05-2025,14:00:00,22:00:00
70970,1313,,,28-05-2025,08:00:00,16:00:00
70971,1385,,,29-05-2025,08:00:00,16:00:00
70972,1371,,,30-05-2025,14:00:00,22:00:00
70973,1388,,,31-05-2025,08:00:00,16:00:00
70974,1394,,,01-06-2025,08:00:00,16:00:00
70975,1395,,,02-06-2025,14:00:00,22:00:00
70976,1399,,,19-05-2025,08:00:00,16:00:00
70977,1007,,,20-05-2025,06:00:00,14:00:00
70978,1003,,,21-05-2025,14:00:00,22:00:00
70979,1005,,,22-05-2025,18:00:00,02:00:00
70980,1001,,,23-05-2025,22:00:00,06:00:00
70981,1008,,,24-05-2025,08:00:00,16:00:00
70982,1011,,,25-05-2025,12:00:00,20:00:00
70983,1015,,,26-05-2025,08:00:00,16:00:00
70984,1013,,,27-05-2025,14:00:00,22:00:00
70985,1017,,,28-05-2025,08:00:00,16:00:00
70986,1018,,,29-05-2025,14:00:00,22:00:00
70987,1022,,,30-05-2025,08:00:00,16:00:00
70988,1023,,,31-05-2025,14:00:00,22:00:00
70989,1032,,,01-06-2025,07:00:00,15:00:00
70990,1047,,,02-06-2025,15:00:00,23:00:00
70991,1073,,,19-05-2025,19:00:00,03:00:00
70992,1060,,,20-05-2025,23:00:00,07:00:00
70993,1063,,,21-05-2025,07:00:00,15:00:00
70994,1075,,,22-05-2025,15:00:00,23:00:00
70995,1037,,,23-05-2025,19:00:00,03:00:00
70996,1053,,,24-05-2025,23:00:00,07:00:00
70997,1092,,,25-05-2025,08:00:00,16:00:00
70998,1082,,,26-05-2025,14:00:00,22:00:00
70999,1088,,,27-05-2025,08:00:00,16:00:00
71000,1097,,,28-05-2025,08:00:00,16:00:00
71001,1093,,,29-05-2025,14:00:00,22:00:00
71002,1105,,,30-05-2025,08:00:00,16:00:00
71003,1098,,,31-05-2025,14:00:00,22:00:00
71004,1103,,,01-06-2025,08:00:00,16:00:00
71005,1108,,,02-06-2025,08:00:00,16:00:00
71006,1107,,,19-05-2025,14:00:00,22:00:00
71007,1112,,,20-05-2025,08:00:00,16:00:00
71008,1113,,,21-05-2025,14:00:00,22:00:00
71009,1120,,,22-05-2025,08:00:00,16:00:00
71010,1118,,,23-05-2025,14:00:00,22:00:00
71011,1123,,,24-05-2025,08:00:00,16:00:00
71012,1122,,,25-05-2025,14:00:00,22:00:00
71013,1127,,,26-05-2025,08:00:00,16:00:00
71014,1128,,,27-05-2025,14:00:00,22:00:00
71015,1143,,,28-05-2025,08:00:00,16:00:00
71016,1137,,,29-05-2025,14:00:00,22:00:00
71017,1135,,,30-05-2025,08:00:00,16:00:00
71018,1182,,,31-05-2025,06:00:00,14:00:00
71019,1154,,,01-06-2025,14:00:00,22:00:00
71020,1150,,,02-06-2025,22:00:00,06:00:00
71021,1179,,,19-05-2025,06:00:00,14:00:00
71022,1189,,,20-05-2025,08:00:00,16:00:00
71023,1187,,,21-05-2025,14:00:00,22:00:00
71024,1185,,,22-05-2025,08:00:00,16:00:00
71025,1195,,,23-05-2025,08:00:00,16:00:00
71026,1194,,,24-05-2025,14:00:00,22:00:00
71027,1190,,,25-05-2025,08:00:00,16:00:00
71028,1200,,,26-05-2025,08:00:00,16:00:00
71029,1201,,,27-05-2025,14:00:00,22:00:00
71030,1222,,,28-05-2025,08:00:00,16:00:00
71031,1202,,,29-05-2025,14:00:00,22:00:00
71032,1232,,,30-05-2025,08:00:00,16:00:00
71033,1253,,,31-05-2025,08:00:00,16:00:00
71034,1249,,,01-06-2025,14:00:00,22:00:00
71035,1251,,,02-06-2025,08:00:00,16:00:00
71036,1254,,,19-05-2025,08:00:00,16:00:00
71037,1258,,,20-05-2025,14:00:00,22:00:00
71038,1259,,,21-05-2025,08:00:00,16:00:00
71039,1269,,,22-05-2025,08:00:00,16:00:00
71040,1266,,,23-05-2025,14:00:00,22:00:00
71041,1268,,,24-05-2025,08:00:00,16:00:00
71042,1273,,,25-05-2025,08:00:00,16:00:00
71043,1274,,,26-05-2025,14:00:00,22:00:00
71044,1279,,,27-05-2025,08:00:00,16:00:00
71045,1298,,,28-05-2025,08:00:00,16:00:00
71046,1283,,,29-05-2025,14:00:00,22:00:00
71047,1299,,,30-05-2025,08:00:00,16:00:00
71048,1303,,,31-05-2025,08:00:00,16:00:00
71049,1304,,,01-06-2025,14:00:00,22:00:00
71050,1314,,,02-06-2025,08:00:00,16:00:00
71051,1311,,,19-05-2025,14:00:00,22:00:00
71052,1329,,,20-05-2025,08:00:00,16:00:00
71053,1366,,,21-05-2025,08:00:00,16:00:00
71054,1387,,,22-05-2025,14:00:00,22:00:00
71055,1390,,,23-05-2025,08:00:00,16:00:00
71056,1397,,,24-05-2025,08:00:00,16:00:00
71057,1398,,,25-05-2025,14:00:00,22:00:00
71058,1395,,,26-05-2025,08:00:00,16:00:00
71061,,3001,,19-05-2025,08:00:00,20:00:00
71062,,3002,,20-05-2025,08:00:00,20:00:00
71063,,3003,,21-05-2025,08:00:00,20:00:00
71064,,3004,,22-05-2025,08:00:00,20:00:00
71065,,3005,,23-05-2025,08:00:00,20:00:00
71066,,3006,,24-05-2025,08:00:00,20:00:00
71067,,3007,,25-05-2025,08:00:00,20:00:00
71068,,3008,,26-05-2025,08:00:00,20:00:00
71069,,3009,,27-05-2025,08:00:00,20:00:00
71070,,3010,,28-05-2025,08:00:00,20:00:00
71071,,3011,,29-05-2025,08:00:00,20:00:00
71072,,3012,,30-05-2025,08:00:00,20:00:00
71073,,3013,,31-05-2025,08:00:00,20:00:00
71074,,3014,,01-06-2025,08:00:00,20:00:00
71075,,3015,,02-06-2025,08:00:00,20:00:00
71076,,3016,,19-05-2025,08:00:00,20:00:00
71077,,3017,,20-05-2025,08:00:00,20:00:00
71078,,3018,,21-05-2025,08:00:00,20:00:00
71079,,3019,,22-05-2025,08:00:00,20:00:00
71080,,3020,,23-05-2025,08:00:00,20:00:00
71081,,3021,,24-05-2025,08:00:00,20:00:00
71082,,3022,,25-05-2025,08:00:00,20:00:00
71083,,3023,,26-05-2025,08:00:00,20:00:00
71084,,3024,,27-05-2025,08:00:00,20:00:00
71085,,3025,,28-05-2025,08:00:00,20:00:00
71086,,3026,,29-05-2025,08:00:00,20:00:00
71087,,3027,,30-05-2025,08:00:00,20:00:00
71088,,3028,,31-05-2025,08:00:00,20:00:00
71089,,3029,,01-06-2025,08:00:00,20:00:00
71090,,3030,,02-06-2025,08:00:00,20:00:00
71091,,3031,,19-05-2025,08:00:00,20:00:00
71092,,3032,,20-05-2025,08:00:00,20:00:00
71093,,3033,,21-05-2025,08:00:00,20:00:00
71094,,3034,,22-05-2025,08:00:00,20:00:00
71095,,3035,,23-05-2025,08:00:00,20:00:00
71096,,3036,,24-05-2025,08:00:00,20:00:00
71097,,3037,,25-05-2025,08:00:00,20:00:00
71098,,3038,,26-05-2025,08:00:00,20:00:00
71099,,3039,,27-05-2025,08:00:00,20:00:00
71100,,3040,,28-05-2025,08:00:00,20:00:00
71101,,3041,,29-05-2025,08:00:00,20:00:00
71102,,3042,,30-05-2025,08:00:00,20:00:00
71103,,3043,,31-05-2025,08:00:00,20:00:00
71104,,3044,,01-06-2025,08:00:00,20:00:00
71105,,3045,,02-06-2025,08:00:00,20:00:00
71106,,3046,,19-05-2025,08:00:00,20:00:00
71107,,3047,,20-05-2025,08:00:00,20:00:00
71108,,3048,,21-05-2025,08:00:00,20:00:00
71109,,3049,,22-05-2025,08:00:00,20:00:00
71110,,3050,,23-05-2025,08:00:00,20:00:00
71111,,3051,,24-05-2025,08:00:00,20:00:00
71112,,3052,,25-05-2025,08:00:00,20:00:00
71113,,3053,,26-05-2025,08:00:00,20:00:00
71114,,3054,,27-05-2025,08:00:00,20:00:00
71115,,3055,,28-05-2025,08:00:00,20:00:00
71116,,3056,,29-05-2025,08:00:00,20:00:00
71117,,3057,,30-05-2025,08:00:00,20:00:00
71118,,3058,,31-05-2025,08:00:00,20:00:00
71119,,3059,,01-06-2025,08:00:00,20:00:00
71120,,3060,,02-06-2025,08:00:00,20:00:00
71121,,3061,,19-05-2025,08:00:00,20:00:00
71122,,3062,,20-05-2025,08:00:00,20:00:00
71123,,3063,,21-05-2025,08:00:00,20:00:00
71124,,3064,,22-05-2025,08:00:00,20:00:00
71125,,3065,,23-05-2025,08:00:00,20:00:00
71126,,3066,,24-05-2025,08:00:00,20:00:00
71127,,3067,,25-05-2025,08:00:00,20:00:00
71128,,3068,,26-05-2025,08:00:00,20:00:00
71129,,3069,,27-05-2025,08:00:00,20:00:00
71130,,3070,,28-05-2025,08:00:00,20:00:00
71131,,3071,,29-05-2025,08:00:00,20:00:00
71132,,3072,,30-05-2025,08:00:00,20:00:00
71133,,3073,,31-05-2025,08:00:00,20:00:00
71134,,3074,,01-06-2025,08:00:00,20:00:00
71135,,3075,,02-06-2025,08:00:00,20:00:00
71136,,3076,,19-05-2025,08:00:00,20:00:00
71137,,3077,,20-05-2025,08:00:00,20:00:00
71138,,3078,,21-05-2025,08:00:00,20:00:00
71139,,3079,,22-05-2025,08:00:00,20:00:00
71140,,3080,,23-05-2025,08:00:00,20:00:00
71141,,3081,,24-05-2025,08:00:00,20:00:00
71142,,3082,,25-05-2025,08:00:00,20:00:00
71143,,3083,,26-05-2025,08:00:00,20:00:00
71144,,3084,,27-05-2025,08:00:00,20:00:00
71145,,3085,,28-05-2025,08:00:00,20:00:00
71146,,3086,,29-05-2025,08:00:00,20:00:00
71147,,3087,,30-05-2025,08:00:00,20:00:00
71148,,3088,,31-05-2025,08:00:00,20:00:00
71149,,3089,,01-06-2025,08:00:00,20:00:00
71150,,3090,,02-06-2025,08:00:00,20:00:00
71151,,3091,,19-05-2025,08:00:00,20:00:00
71152,,3092,,20-05-2025,08:00:00,20:00:00
71153,,3093,,21-05-2025,08:00:00,20:00:00
71154,,3094,,22-05-2025,08:00:00,20:00:00
71155,,3095,,23-05-2025,08:00:00,20:00:00
71156,,3096,,24-05-2025,08:00:00,20:00:00
71157,,3097,,25-05-2025,08:00:00,20:00:00
71158,,3098,,26-05-2025,08:00:00,20:00:00
71159,,3099,,27-05-2025,08:00:00,20:00:00
71160,,3100,,28-05-2025,08:00:00,20:00:00
71161,,3101,,29-05-2025,08:00:00,20:00:00
71162,,3102,,30-05-2025,08:00:00,20:00:00
71163,,3103,,31-05-2025,08:00:00,20:00:00
71164,,3104,,01-06-2025,08:00:00,20:00:00
71165,,3105,,02-06-2025,08:00:00,20:00:00
71166,,3106,,19-05-2025,08:00:00,20:00:00
71167,,3107,,20-05-2025,08:00:00,20:00:00
71168,,3108,,21-05-2025,08:00:00,20:00:00
71169,,3109,,22-05-2025,08:00:00,20:00:00
71170,,3110,,23-05-2025,08:00:00,20:00:00
71171,,3111,,24-05-2025,08:00:00,20:00:00
71172,,3112,,25-05-2025,08:00:00,20:00:00
71173,,3113,,26-05-2025,08:00:00,20:00:00
71174,,3114,,27-05-2025,08:00:00,20:00:00
71175,,3115,,28-05-2025,08:00:00,20:00:00
71176,,3116,,29-05-2025,08:00:00,20:00:00
71177,,3117,,30-05-2025,08:00:00,20:00:00
71178,,3118,,31-05-2025,08:00:00,20:00:00
71179,,3119,,01-06-2025,08:00:00,20:00:00
71180,,3120,,02-06-2025,08:00:00,20:00:00
71181,,3121,,19-05-2025,08:00:00,20:00:00
71182,,3122,,20-05-2025,08:00:00,20:00:00
71183,,3123,,21-05-2025,08:00:00,20:00:00
71184,,3124,,22-05-2025,08:00:00,20:00:00
71185,,3125,,23-05-2025,08:00:00,20:00:00
71186,,3126,,24-05-2025,08:00:00,20:00:00
71187,,3127,,25-05-2025,08:00:00,20:00:00
71188,,3128,,26-05-2025,08:00:00,20:00:00
71189,,3129,,27-05-2025,08:00:00,20:00:00
71190,,3130,,28-05-2025,08:00:00,20:00:00
71191,,3131,,29-05-2025,08:00:00,20:00:00
71192,,3132,,30-05-2025,08:00:00,20:00:00
71193,,3133,,31-05-2025,08:00:00,20:00:00
71194,,3134,,01-06-2025,08:00:00,20:00:00
71195,,3135,,02-06-2025,08:00:00,20:00:00
71196,,3136,,19-05-2025,08:00:00,20:00:00
71197,,3137,,20-05-2025,08:00:00,20:00:00
71198,,3138,,21-05-2025,08:00:00,20:00:00
71199,,3139,,22-05-2025,08:00:00,20:00:00
71200,,3140,,23-05-2025,08:00:00,20:00:00
71201,,3141,,24-05-2025,08:00:00,20:00:00
71202,,3142,,25-05-2025,08:00:00,20:00:00
71203,,3143,,26-05-2025,08:00:00,20:00:00
71204,,3144,,27-05-2025,08:00:00,20:00:00
71205,,3145,,28-05-2025,08:00:00,20:00:00
71206,,3146,,29-05-2025,08:00:00,20:00:00
71207,,3147,,30-05-2025,08:00:00,20:00:00
71208,,3148,,31-05-2025,08:00:00,20:00:00
71209,,3149,,01-06-2025,08:00:00,20:00:00
71210,,3150,,02-06-2025,08:00:00,20:00:00
71211,,3151,,19-05-2025,08:00:00,20:00:00
71212,,3152,,20-05-2025,08:00:00,20:00:00
71213,,3153,,21-05-2025,08:00:00,20:00:00
71214,,3154,,22-05-2025,08:00:00,20:00:00
71215,,3155,,23-05-2025,08:00:00,20:00:00
71216,,3156,,24-05-2025,08:00:00,20:00:00
71217,,3157,,25-05-2025,08:00:00,20:00:00
71218,,3158,,26-05-2025,08:00:00,20:00:00
71219,,3159,,27-05-2025,08:00:00,20:00:00
71220,,3160,,28-05-2025,08:00:00,20:00:00
71221,,3161,,29-05-2025,08:00:00,20:00:00
71222,,3162,,30-05-2025,08:00:00,20:00:00
71223,,3163,,31-05-2025,08:00:00,20:00:00
71224,,3164,,01-06-2025,08:00:00,20:00:00
71225,,3165,,02-06-2025,08:00:00,20:00:00
71226,,3166,,19-05-2025,08:00:00,20:00:00
71227,,3167,,20-05-2025,08:00:00,20:00:00
71228,,3168,,21-05-2025,08:00:00,20:00:00
71229,,3169,,22-05-2025,08:00:00,20:00:00
71230,,3170,,23-05-2025,08:00:00,20:00:00
71231,,3171,,24-05-2025,08:00:00,20:00:00
71232,,3172,,25-05-2025,08:00:00,20:00:00
71233,,3173,,26-05-2025,08:00:00,20:00:00
71234,,3174,,27-05-2025,08:00:00,20:00:00
71235,,3175,,28-05-2025,08:00:00,20:00:00
71236,,3176,,29-05-2025,08:00:00,20:00:00
71237,,3177,,30-05-2025,08:00:00,20:00:00
71238,,3178,,31-05-2025,08:00:00,20:00:00
71239,,3179,,01-06-2025,08:00:00,20:00:00
71240,,3180,,02-06-2025,08:00:00,20:00:00
71241,,3181,,19-05-2025,08:00:00,20:00:00
71242,,3182,,20-05-2025,08:00:00,20:00:00
71243,,3183,,21-05-2025,08:00:00,20:00:00
71244,,3184,,22-05-2025,08:00:00,20:00:00
71245,,3185,,23-05-2025,08:00:00,20:00:00
71246,,3186,,24-05-2025,08:00:00,20:00:00
71247,,3187,,25-05-2025,08:00:00,20:00:00
71248,,3188,,26-05-2025,08:00:00,20:00:00
71249,,3189,,27-05-2025,08:00:00,20:00:00
71250,,3190,,28-05-2025,08:00:00,20:00:00
71251,,3191,,29-05-2025,08:00:00,20:00:00
71252,,3192,,30-05-2025,08:00:00,20:00:00
71253,,3193,,31-05-2025,08:00:00,20:00:00
71254,,3194,,01-06-2025,08:00:00,20:00:00
71255,,3195,,02-06-2025,08:00:00,20:00:00
71256,,3196,,19-05-2025,08:00:00,20:00:00
71257,,3197,,20-05-2025,08:00:00,20:00:00
71258,,3198,,21-05-2025,08:00:00,20:00:00
71259,,3199,,22-05-2025,08:00:00,20:00:00
71260,,3200,,23-05-2025,08:00:00,20:00:00
71261,,3201,,24-05-2025,08:00:00,20:00:00
71262,,3202,,25-05-2025,08:00:00,20:00:00
71263,,3203,,26-05-2025,08:00:00,20:00:00
71264,,3204,,27-05-2025,08:00:00,20:00:00
71265,,3205,,28-05-2025,08:00:00,20:00:00
71266,,3206,,29-05-2025,08:00:00,20:00:00
71267,,3207,,30-05-2025,08:00:00,20:00:00
71268,,3208,,31-05-2025,08:00:00,20:00:00
71269,,3209,,01-06-2025,08:00:00,20:00:00
71270,,3210,,02-06-2025,08:00:00,20:00:00
71271,,3211,,19-05-2025,08:00:00,20:00:00
71272,,3212,,20-05-2025,08:00:00,20:00:00
71273,,3213,,21-05-2025,08:00:00,20:00:00
71274,,3214,,22-05-2025,08:00:00,20:00:00
71275,,3215,,23-05-2025,08:00:00,20:00:00
71276,,3216,,24-05-2025,08:00:00,20:00:00
71277,,3217,,25-05-2025,08:00:00,20:00:00
71278,,3218,,26-05-2025,08:00:00,20:00:00
71279,,3219,,27-05-2025,08:00:00,20:00:00
71280,,3220,,28-05-2025,08:00:00,20:00:00
71281,,3221,,29-05-2025,08:00:00,20:00:00
71282,,3222,,30-05-2025,08:00:00,20:00:00
71283,,3223,,31-05-2025,08:00:00,20:00:00
71284,,3224,,01-06-2025,08:00:00,20:00:00
71285,,3225,,02-06-2025,08:00:00,20:00:00
71286,,3226,,19-05-2025,20:00:00,08:00:00
71287,,3227,,20-05-2025,20:00:00,08:00:00
71288,,3228,,21-05-2025,20:00:00,08:00:00
71289,,3229,,22-05-2025,20:00:00,08:00:00
71290,,3230,,23-05-2025,20:00:00,08:00:00
71291,,3231,,24-05-2025,20:00:00,08:00:00
71292,,3232,,25-05-2025,20:00:00,08:00:00
71293,,3233,,26-05-2025,20:00:00,08:00:00
71294,,3234,,27-05-2025,20:00:00,08:00:00
71295,,3235,,28-05-2025,20:00:00,08:00:00
71296,,3236,,29-05-2025,20:00:00,08:00:00
71297,,3237,,30-05-2025,20:00:00,08:00:00
71298,,3238,,31-05-2025,20:00:00,08:00:00
71299,,3239,,01-06-2025,20:00:00,08:00:00
71300,,3240,,02-06-2025,20:00:00,08:00:00
71301,,3241,,19-05-2025,20:00:00,08:00:00
71302,,3242,,20-05-2025,20:00:00,08:00:00
71303,,3243,,21-05-2025,20:00:00,08:00:00
71304,,3244,,22-05-2025,20:00:00,08:00:00
71305,,3245,,23-05-2025,20:00:00,08:00:00
71306,,3246,,24-05-2025,20:00:00,08:00:00
71307,,3247,,25-05-2025,20:00:00,08:00:00
71308,,3248,,26-05-2025,20:00:00,08:00:00
71309,,3249,,27-05-2025,20:00:00,08:00:00
71310,,3250,,28-05-2025,20:00:00,08:00:00
71311,,3251,,29-05-2025,20:00:00,08:00:00
71312,,3252,,30-05-2025,20:00:00,08:00:00
71313,,3253,,31-05-2025,20:00:00,08:00:00
71314,,3254,,01-06-2025,20:00:00,08:00:00
71315,,3255,,02-06-2025,20:00:00,08:00:00
71316,,3256,,19-05-2025,20:00:00,08:00:00
71317,,3257,,20-05-2025,20:00:00,08:00:00
71318,,3258,,21-05-2025,20:00:00,08:00:00
71319,,3259,,22-05-2025,20:00:00,08:00:00
71320,,3260,,23-05-2025,20:00:00,08:00:00
71321,,3261,,24-05-2025,20:00:00,08:00:00
71322,,3262,,25-05-2025,20:00:00,08:00:00
71323,,3263,,26-05-2025,20:00:00,08:00:00
71324,,3264,,27-05-2025,20:00:00,08:00:00
71325,,3265,,28-05-2025,20:00:00,08:00:00
71326,,3266,,29-05-2025,20:00:00,08:00:00
71327,,3267,,30-05-2025,20:00:00,08:00:00
71328,,3268,,31-05-2025,20:00:00,08:00:00
71329,,3269,,01-06-2025,20:00:00,08:00:00
71330,,3270,,02-06-2025,20:00:00,08:00:00
71331,,3271,,19-05-2025,20:00:00,08:00:00
71332,,3272,,20-05-2025,20:00:00,08:00:00
71333,,3273,,21-05-2025,20:00:00,08:00:00
71334,,3274,,22-05-2025,20:00:00,08:00:00
71335,,3275,,23-05-2025,20:00:00,08:00:00
71336,,3276,,24-05-2025,20:00:00,08:00:00
71337,,3277,,25-05-2025,20:00:00,08:00:00
71338,,3278,,26-05-2025,20:00:00,08:00:00
71339,,3279,,27-05-2025,20:00:00,08:00:00
71340,,3280,,28-05-2025,20:00:00,08:00:00
71341,,3281,,29-05-2025,20:00:00,08:00:00
71342,,3282,,30-05-2025,20:00:00,08:00:00
71343,,3283,,31-05-2025,20:00:00,08:00:00
71344,,3284,,01-06-2025,20:00:00,08:00:00
71345,,3285,,02-06-2025,20:00:00,08:00:00
71346,,3286,,19-05-2025,20:00:00,08:00:00
71347,,3287,,20-05-2025,20:00:00,08:00:00
71348,,3288,,21-05-2025,20:00:00,08:00:00
71349,,3289,,22-05-2025,20:00:00,08:00:00
71350,,3290,,23-05-2025,20:00:00,08:00:00
71351,,3291,,24-05-2025,20:00:00,08:00:00
71352,,3292,,25-05-2025,20:00:00,08:00:00
71353,,3293,,26-05-2025,20:00:00,08:00:00
71354,,3294,,27-05-2025,20:00:00,08:00:00
71355,,3295,,28-05-2025,20:00:00,08:00:00
71356,,3296,,29-05-2025,20:00:00,08:00:00
71357,,3297,,30-05-2025,20:00:00,08:00:00
71358,,3298,,31-05-2025,20:00:00,08:00:00
71359,,3299,,01-06-2025,20:00:00,08:00:00
71360,,3300,,02-06-2025,20:00:00,08:00:00
71361,,3301,,19-05-2025,20:00:00,08:00:00
71362,,3302,,20-05-2025,20:00:00,08:00:00
71363,,3303,,21-05-2025,20:00:00,08:00:00
71364,,3304,,22-05-2025,20:00:00,08:00:00
71365,,3305,,23-05-2025,20:00:00,08:00:00
71366,,3306,,24-05-2025,20:00:00,08:00:00
71367,,3307,,25-05-2025,20:00:00,08:00:00
71368,,3308,,26-05-2025,20:00:00,08:00:00
71369,,3309,,27-05-2025,20:00:00,08:00:00
71370,,3310,,28-05-2025,20:00:00,08:00:00
71371,,3311,,29-05-2025,20:00:00,08:00:00
71372,,3312,,30-05-2025,20:00:00,08:00:00
71373,,3313,,31-05-2025,20:00:00,08:00:00
71374,,3314,,01-06-2025,20:00:00,08:00:00
71375,,3315,,02-06-2025,20:00:00,08:00:00
71376,,3316,,19-05-2025,20:00:00,08:00:00
71377,,3317,,20-05-2025,20:00:00,08:00:00
71378,,3318,,21-05-2025,20:00:00,08:00:00
71379,,3319,,22-05-2025,20:00:00,08:00:00
71380,,3320,,23-05-2025,20:00:00,08:00:00
71381,,3321,,24-05-2025,20:00:00,08:00:00
71382,,3322,,25-05-2025,20:00:00,08:00:00
71383,,3323,,26-05-2025,20:00:00,08:00:00
71384,,3324,,27-05-2025,20:00:00,08:00:00
71385,,3325,,28-05-2025,20:00:00,08:00:00
71386,,3326,,29-05-2025,20:00:00,08:00:00
71387,,3327,,30-05-2025,20:00:00,08:00:00
71388,,3328,,31-05-2025,20:00:00,08:00:00
71389,,3329,,01-06-2025,20:00:00,08:00:00
71390,,3330,,02-06-2025,20:00:00,08:00:00
71391,,3331,,19-05-2025,20:00:00,08:00:00
71392,,3332,,20-05-2025,20:00:00,08:00:00
71393,,3333,,21-05-2025,20:00:00,08:00:00
71394,,3334,,22-05-2025,20:00:00,08:00:00
71395,,3335,,23-05-2025,20:00:00,08:00:00
71396,,3336,,24-05-2025,20:00:00,08:00:00
71397,,3337,,25-05-2025,20:00:00,08:00:00
71398,,3338,,26-05-2025,20:00:00,08:00:00
71399,,3339,,27-05-2025,20:00:00,08:00:00
71400,,3340,,28-05-2025,20:00:00,08:00:00
71401,,3341,,29-05-2025,20:00:00,08:00:00
71402,,3342,,30-05-2025,20:00:00,08:00:00
71403,,3343,,31-05-2025,20:00:00,08:00:00
71404,,3344,,01-06-2025,20:00:00,08:00:00
71405,,3345,,02-06-2025,20:00:00,08:00:00
71406,,3346,,19-05-2025,20:00:00,08:00:00
71407,,3347,,20-05-2025,20:00:00,08:00:00
71408,,3348,,21-05-2025,20:00:00,08:00:00
71409,,3349,,22-05-2025,20:00:00,08:00:00
71410,,3350,,23-05-2025,20:00:00,08:00:00
71411,,3351,,24-05-2025,20:00:00,08:00:00
71412,,3352,,25-05-2025,20:00:00,08:00:00
71413,,3353,,26-05-2025,20:00:00,08:00:00
71414,,3354,,27-05-2025,20:00:00,08:00:00
71415,,3355,,28-05-2025,20:00:00,08:00:00
71416,,3356,,29-05-2025,20:00:00,08:00:00
71417,,3357,,30-05-2025,20:00:00,08:00:00
71418,,3358,,31-05-2025,20:00:00,08:00:00
71419,,3359,,01-06-2025,20:00:00,08:00:00
71420,,3360,,02-06-2025,20:00:00,08:00:00
71421,,3361,,19-05-2025,20:00:00,08:00:00
71422,,3362,,20-05-2025,20:00:00,08:00:00
71423,,3363,,21-05-2025,20:00:00,08:00:00
71424,,3364,,22-05-2025,20:00:00,08:00:00
71425,,3365,,23-05-2025,20:00:00,08:00:00
71426,,3366,,24-05-2025,20:00:00,08:00:00
71427,,3367,,25-05-2025,20:00:00,08:00:00
71428,,3368,,26-05-2025,20:00:00,08:00:00
71429,,3369,,27-05-2025,20:00:00,08:00:00
71430,,3370,,28-05-2025,20:00:00,08:00:00
71431,,3371,,29-05-2025,20:00:00,08:00:00
71432,,3372,,30-05-2025,20:00:00,08:00:00
71433,,3373,,31-05-2025,20:00:00,08:00:00
71434,,3374,,01-06-2025,20:00:00,08:00:00
71435,,3375,,02-06-2025,20:00:00,08:00:00
71436,,3376,,19-05-2025,20:00:00,08:00:00
71437,,3377,,20-05-2025,20:00:00,08:00:00
71438,,3378,,21-05-2025,20:00:00,08:00:00
71439,,3379,,22-05-2025,20:00:00,08:00:00
71440,,3380,,23-05-2025,20:00:00,08:00:00
71441,,3381,,24-05-2025,20:00:00,08:00:00
71442,,3382,,25-05-2025,20:00:00,08:00:00
71443,,3383,,26-05-2025,20:00:00,08:00:00
71444,,3384,,27-05-2025,20:00:00,08:00:00
71445,,3385,,28-05-2025,20:00:00,08:00:00
71446,,3386,,29-05-2025,20:00:00,08:00:00
71447,,3387,,30-05-2025,20:00:00,08:00:00
71448,,3388,,31-05-2025,20:00:00,08:00:00
71449,,3389,,01-06-2025,20:00:00,08:00:00
71450,,3390,,02-06-2025,20:00:00,08:00:00
71451,,3391,,19-05-2025,20:00:00,08:00:00
71452,,3392,,20-05-2025,20:00:00,08:00:00
71453,,3393,,21-05-2025,20:00:00,08:00:00
71454,,3394,,22-05-2025,20:00:00,08:00:00
71455,,3395,,23-05-2025,20:00:00,08:00:00
71456,,3396,,24-05-2025,20:00:00,08:00:00
71457,,3397,,25-05-2025,20:00:00,08:00:00
71458,,3398,,26-05-2025,20:00:00,08:00:00
71459,,3399,,27-05-2025,20:00:00,08:00:00
71460,,3400,,28-05-2025,20:00:00,08:00:00
71461,,3401,,29-05-2025,20:00:00,08:00:00
71462,,3402,,30-05-2025,20:00:00,08:00:00
71463,,3403,,31-05-2025,20:00:00,08:00:00
71464,,3404,,01-06-2025,20:00:00,08:00:00
71465,,3405,,02-06-2025,20:00:00,08:00:00
71466,,3406,,19-05-2025,20:00:00,08:00:00
71467,,3407,,20-05-2025,20:00:00,08:00:00
71468,,3408,,21-05-2025,20:00:00,08:00:00
71469,,3409,,22-05-2025,20:00:00,08:00:00
71470,,3410,,23-05-2025,20:00:00,08:00:00
71471,,3411,,24-05-2025,20:00:00,08:00:00
71472,,3412,,25-05-2025,20:00:00,08:00:00
71473,,3413,,26-05-2025,20:00:00,08:00:00
71474,,3414,,27-05-2025,20:00:00,08:00:00
71475,,3415,,28-05-2025,20:00:00,08:00:00
71476,,3416,,29-05-2025,20:00:00,08:00:00
71477,,3417,,30-05-2025,20:00:00,08:00:00
71478,,3418,,31-05-2025,20:00:00,08:00:00
71479,,3419,,01-06-2025,20:00:00,08:00:00
71480,,3420,,02-06-2025,20:00:00,08:00:00
71481,,3421,,19-05-2025,20:00:00,08:00:00
71482,,3422,,20-05-2025,20:00:00,08:00:00
71483,,3423,,21-05-2025,20:00:00,08:00:00
71484,,3424,,22-05-2025,20:00:00,08:00:00
71485,,3425,,23-05-2025,20:00:00,08:00:00
71486,,3426,,24-05-2025,20:00:00,08:00:00
71487,,3427,,25-05-2025,20:00:00,08:00:00
71488,,3428,,26-05-2025,20:00:00,08:00:00
71489,,3429,,27-05-2025,20:00:00,08:00:00
71490,,3430,,28-05-2025,20:00:00,08:00:00
71491,,3431,,29-05-2025,20:00:00,08:00:00
71492,,3432,,30-05-2025,20:00:00,08:00:00
71493,,3433,,31-05-2025,20:00:00,08:00:00
71494,,3434,,01-06-2025,20:00:00,08:00:00
71495,,3435,,02-06-2025,20:00:00,08:00:00
71496,,3436,,19-05-2025,20:00:00,08:00:00
71497,,3437,,20-05-2025,20:00:00,08:00:00
71498,,3438,,21-05-2025,20:00:00,08:00:00
71499,,3439,,22-05-2025,20:00:00,08:00:00
71500,,3440,,23-05-2025,20:00:00,08:00:00
71501,,3441,,24-05-2025,20:00:00,08:00:00
71502,,3442,,25-05-2025,20:00:00,08:00:00
71503,,3443,,26-05-2025,20:00:00,08:00:00
71504,,3444,,27-05-2025,20:00:00,08:00:00
71505,,3445,,28-05-2025,20:00:00,08:00:00
71506,,3446,,29-05-2025,20:00:00,08:00:00
71507,,3447,,30-05-2025,20:00:00,08:00:00
71508,,3448,,31-05-2025,20:00:00,08:00:00
71509,,3449,,01-06-2025,20:00:00,08:00:00
71510,,3450,,02-06-2025,20:00:00,08:00:00
71511,,3451,,19-05-2025,20:00:00,08:00:00
71512,,3452,,20-05-2025,20:00:00,08:00:00
71513,,3453,,21-05-2025,20:00:00,08:00:00
71514,,3454,,22-05-2025,20:00:00,08:00:00
71515,,3455,,23-05-2025,20:00:00,08:00:00
71516,,3456,,24-05-2025,20:00:00,08:00:00
71517,,3457,,25-05-2025,20:00:00,08:00:00
71518,,3458,,26-05-2025,20:00:00,08:00:00
71519,,3459,,27-05-2025,20:00:00,08:00:00
71520,,3460,,28-05-2025,20:00:00,08:00:00
71521,,3461,,29-05-2025,20:00:00,08:00:00
71522,,3462,,30-05-2025,20:00:00,08:00:00
71523,,3463,,31-05-2025,20:00:00,08:00:00
71524,,3464,,01-06-2025,20:00:00,08:00:00
71525,,3465,,02-06-2025,20:00:00,08:00:00
71526,,3466,,19-05-2025,20:00:00,08:00:00
71527,,3467,,20-05-2025,20:00:00,08:00:00
71528,,3468,,21-05-2025,20:00:00,08:00:00
71529,,3469,,22-05-2025,20:00:00,08:00:00
71530,,3470,,23-05-2025,20:00:00,08:00:00
71531,,3471,,24-05-2025,20:00:00,08:00:00
71532,,3472,,25-05-2025,20:00:00,08:00:00
71533,,3473,,26-05-2025,20:00:00,08:00:00
71534,,3474,,27-05-2025,20:00:00,08:00:00
71535,,3475,,28-05-2025,20:00:00,08:00:00
71536,,3476,,29-05-2025,20:00:00,08:00:00
71537,,3477,,30-05-2025,20:00:00,08:00:00
71538,,3478,,31-05-2025,20:00:00,08:00:00
71539,,3479,,01-06-2025,20:00:00,08:00:00
71540,,3480,,02-06-2025,20:00:00,08:00:00
71541,,3481,,19-05-2025,20:00:00,08:00:00
71542,,3482,,20-05-2025,20:00:00,08:00:00
71543,,3483,,21-05-2025,20:00:00,08:00:00
71544,,3484,,22-05-2025,20:00:00,08:00:00
71545,,3485,,23-05-2025,20:00:00,08:00:00
71546,,3486,,24-05-2025,20:00:00,08:00:00
71547,,3487,,25-05-2025,20:00:00,08:00:00
71548,,3488,,26-05-2025,20:00:00,08:00:00
71549,,3489,,27-05-2025,20:00:00,08:00:00
71550,,3490,,28-05-2025,20:00:00,08:00:00
71551,,3491,,29-05-2025,20:00:00,08:00:00
71552,,3492,,30-05-2025,20:00:00,08:00:00
71553,,3493,,31-05-2025,20:00:00,08:00:00
71554,,3494,,01-06-2025,20:00:00,08:00:00
71555,,3495,,02-06-2025,20:00:00,08:00:00
71556,,3496,,19-05-2025,20:00:00,08:00:00
71557,,3497,,20-05-2025,20:00:00,08:00:00
71558,,3498,,21-05-2025,20:00:00,08:00:00
71559,,3499,,22-05-2025,20:00:00,08:00:00
71560,,3500,,23-05-2025,20:00:00,08:00:00
71561,,,8001,19-05-2025,08:00:00,20:00:00
71562,,,8002,20-05-2025,08:00:00,20:00:00
71563,,,8003,21-05-2025,08:00:00,20:00:00
71564,,,8004,22-05-2025,08:00:00,20:00:00
71565,,,8005,23-05-2025,08:00:00,20:00:00
71566,,,8006,24-05-2025,08:00:00,20:00:00
71567,,,8007,25-05-2025,08:00:00,20:00:00
71568,,,8008,26-05-2025,08:00:00,20:00:00
71569,,,8009,27-05-2025,08:00:00,20:00:00
71570,,,8010,28-05-2025,08:00:00,20:00:00
71571,,,8011,29-05-2025,08:00:00,20:00:00
71572,,,8012,30-05-2025,08:00:00,20:00:00
71573,,,8013,31-05-2025,08:00:00,20:00:00
71574,,,8014,01-06-2025,08:00:00,20:00:00
71575,,,8015,02-06-2025,08:00:00,20:00:00
71576,,,8016,19-05-2025,08:00:00,20:00:00
71577,,,8017,20-05-2025,08:00:00,20:00:00
71578,,,8018,21-05-2025,08:00:00,20:00:00
71579,,,8019,22-05-2025,08:00:00,20:00:00
71580,,,8020,23-05-2025,08:00:00,20:00:00
71581,,,8021,24-05-2025,08:00:00,20:00:00
71582,,,8022,25-05-2025,08:00:00,20:00:00
71583,,,8023,26-05-2025,08:00:00,20:00:00
71584,,,8024,27-05-2025,08:00:00,20:00:00
71585,,,8025,28-05-2025,08:00:00,20:00:00
71586,,,8026,29-05-2025,08:00:00,20:00:00
71587,,,8027,30-05-2025,08:00:00,20:00:00
71588,,,8028,31-05-2025,08:00:00,20:00:00
71589,,,8029,01-06-2025,08:00:00,20:00:00
71590,,,8030,02-06-2025,08:00:00,20:00:00
71591,,,8031,19-05-2025,08:00:00,20:00:00
71592,,,8032,20-05-2025,08:00:00,20:00:00
71593,,,8033,21-05-2025,08:00:00,20:00:00
71594,,,8034,22-05-2025,08:00:00,20:00:00
71595,,,8035,23-05-2025,08:00:00,20:00:00
71596,,,8036,24-05-2025,08:00:00,20:00:00
71597,,,8037,25-05-2025,08:00:00,20:00:00
71598,,,8038,26-05-2025,08:00:00,20:00:00
71599,,,8039,27-05-2025,08:00:00,20:00:00
71600,,,8040,28-05-2025,08:00:00,20:00:00
71601,,,8041,29-05-2025,08:00:00,20:00:00
71602,,,8042,30-05-2025,08:00:00,20:00:00
71603,,,8043,31-05-2025,08:00:00,20:00:00
71604,,,8044,01-06-2025,08:00:00,20:00:00
71605,,,8045,02-06-2025,08:00:00,20:00:00
71606,,,8046,19-05-2025,08:00:00,20:00:00
71607,,,8047,20-05-2025,08:00:00,20:00:00
71608,,,8048,21-05-2025,08:00:00,20:00:00
71609,,,8049,22-05-2025,08:00:00,20:00:00
71610,,,8050,23-05-2025,08:00:00,20:00:00
71611,,,8051,24-05-2025,08:00:00,20:00:00
71612,,,8052,25-05-2025,08:00:00,20:00:00
71613,,,8053,26-05-2025,08:00:00,20:00:00
71614,,,8054,27-05-2025,08:00:00,20:00:00
71615,,,8055,28-05-2025,08:00:00,20:00:00
71616,,,8056,29-05-2025,08:00:00,20:00:00
71617,,,8057,30-05-2025,08:00:00,20:00:00
71618,,,8058,31-05-2025,08:00:00,20:00:00
71619,,,8059,01-06-2025,08:00:00,20:00:00
71620,,,8060,02-06-2025,08:00:00,20:00:00
71621,,,8061,19-05-2025,08:00:00,20:00:00
71622,,,8062,20-05-2025,08:00:00,20:00:00
71623,,,8063,21-05-2025,08:00:00,20:00:00
71624,,,8064,22-05-2025,08:00:00,20:00:00
71625,,,8065,23-05-2025,08:00:00,20:00:00
71626,,,8066,24-05-2025,08:00:00,20:00:00
71627,,,8067,25-05-2025,08:00:00,20:00:00
71628,,,8068,26-05-2025,08:00:00,20:00:00
71629,,,8069,27-05-2025,08:00:00,20:00:00
71630,,,8070,28-05-2025,08:00:00,20:00:00
71631,,,8071,29-05-2025,08:00:00,20:00:00
71632,,,8072,30-05-2025,08:00:00,20:00:00
71633,,,8073,31-05-2025,08:00:00,20:00:00
71634,,,8074,01-06-2025,08:00:00,20:00:00
71635,,,8075,02-06-2025,08:00:00,20:00:00
71636,,,8076,19-05-2025,08:00:00,20:00:00
71637,,,8077,20-05-2025,08:00:00,20:00:00
71638,,,8078,21-05-2025,08:00:00,20:00:00
71639,,,8079,22-05-2025,08:00:00,20:00:00
71640,,,8080,23-05-2025,08:00:00,20:00:00
71641,,,8081,24-05-2025,08:00:00,20:00:00
71642,,,8082,25-05-2025,08:00:00,20:00:00
71643,,,8083,26-05-2025,08:00:00,20:00:00
71644,,,8084,27-05-2025,08:00:00,20:00:00
71645,,,8085,28-05-2025,08:00:00,20:00:00
71646,,,8086,29-05-2025,08:00:00,20:00:00
71647,,,8087,30-05-2025,08:00:00,20:00:00
71648,,,8088,31-05-2025,08:00:00,20:00:00
71649,,,8089,01-06-2025,08:00:00,20:00:00
71650,,,8090,02-06-2025,08:00:00,20:00:00
71651,,,8091,19-05-2025,08:00:00,20:00:00
71652,,,8092,20-05-2025,08:00:00,20:00:00
71653,,,8093,21-05-2025,08:00:00,20:00:00
71654,,,8094,22-05-2025,08:00:00,20:00:00
71655,,,8095,23-05-2025,08:00:00,20:00:00
71656,,,8096,24-05-2025,08:00:00,20:00:00
71657,,,8097,25-05-2025,08:00:00,20:00:00
71658,,,8098,26-05-2025,08:00:00,20:00:00
71659,,,8099,27-05-2025,08:00:00,20:00:00
71660,,,8100,28-05-2025,08:00:00,20:00:00
71661,,,8101,29-05-2025,08:00:00,20:00:00
71662,,,8102,30-05-2025,08:00:00,20:00:00
71663,,,8103,31-05-2025,08:00:00,20:00:00
71664,,,8104,01-06-2025,08:00:00,20:00:00
71665,,,8105,02-06-2025,08:00:00,20:00:00
71666,,,8106,19-05-2025,08:00:00,20:00:00
71667,,,8107,20-05-2025,08:00:00,20:00:00
71668,,,8108,21-05-2025,08:00:00,20:00:00
71669,,,8109,22-05-2025,08:00:00,20:00:00
71670,,,8110,23-05-2025,08:00:00,20:00:00
71671,,,8111,24-05-2025,08:00:00,20:00:00
71672,,,8112,25-05-2025,08:00:00,20:00:00
71673,,,8113,26-05-2025,08:00:00,20:00:00
71674,,,8114,27-05-2025,08:00:00,20:00:00
71675,,,8115,28-05-2025,08:00:00,20:00:00
71676,,,8116,29-05-2025,08:00:00,20:00:00
71677,,,8117,30-05-2025,08:00:00,20:00:00
71678,,,8118,31-05-2025,08:00:00,20:00:00
71679,,,8119,01-06-2025,08:00:00,20:00:00
71680,,,8120,02-06-2025,08:00:00,20:00:00
71681,,,8121,19-05-2025,08:00:00,20:00:00
71682,,,8122,20-05-2025,08:00:00,20:00:00
71683,,,8123,21-05-2025,08:00:00,20:00:00
71684,,,8124,22-05-2025,08:00:00,20:00:00
71685,,,8125,23-05-2025,08:00:00,20:00:00
71686,,,8126,24-05-2025,08:00:00,20:00:00
71687,,,8127,25-05-2025,08:00:00,20:00:00
71688,,,8128,26-05-2025,08:00:00,20:00:00
71689,,,8129,27-05-2025,08:00:00,20:00:00
71690,,,8130,28-05-2025,08:00:00,20:00:00
71691,,,8131,29-05-2025,08:00:00,20:00:00
71692,,,8132,30-05-2025,08:00:00,20:00:00
71693,,,8133,31-05-2025,08:00:00,20:00:00
71694,,,8134,01-06-2025,08:00:00,20:00:00
71695,,,8135,02-06-2025,08:00:00,20:00:00
71696,,,8136,19-05-2025,08:00:00,20:00:00
71697,,,8137,20-05-2025,08:00:00,20:00:00
71698,,,8138,21-05-2025,08:00:00,20:00:00
71699,,,8139,22-05-2025,08:00:00,20:00:00
71700,,,8140,23-05-2025,08:00:00,20:00:00
71701,,,8141,24-05-2025,08:00:00,20:00:00
71702,,,8142,25-05-2025,08:00:00,20:00:00
71703,,,8143,26-05-2025,08:00:00,20:00:00
71704,,,8144,27-05-2025,08:00:00,20:00:00
71705,,,8145,28-05-2025,08:00:00,20:00:00
71706,,,8146,29-05-2025,08:00:00,20:00:00
71707,,,8147,30-05-2025,08:00:00,20:00:00
71708,,,8148,31-05-2025,08:00:00,20:00:00
71709,,,8149,01-06-2025,08:00:00,20:00:00
71710,,,8150,02-06-2025,08:00:00,20:00:00
71711,,,8151,19-05-2025,08:00:00,20:00:00
71712,,,8152,20-05-2025,08:00:00,20:00:00
71713,,,8153,21-05-2025,08:00:00,20:00:00
71714,,,8154,22-05-2025,08:00:00,20:00:00
71715,,,8155,23-05-2025,08:00:00,20:00:00
71716,,,8156,24-05-2025,08:00:00,20:00:00
71717,,,8157,25-05-2025,08:00:00,20:00:00
71718,,,8158,26-05-2025,08:00:00,20:00:00
71719,,,8159,27-05-2025,08:00:00,20:00:00
71720,,,8160,28-05-2025,08:00:00,20:00:00
71721,,,8161,29-05-2025,08:00:00,20:00:00
71722,,,8162,30-05-2025,08:00:00,20:00:00
71723,,,8163,31-05-2025,08:00:00,20:00:00
71724,,,8164,01-06-2025,08:00:00,20:00:00
71725,,,8165,02-06-2025,08:00:00,20:00:00
71726,,,8166,19-05-2025,08:00:00,20:00:00
71727,,,8167,20-05-2025,08:00:00,20:00:00
71728,,,8168,21-05-2025,08:00:00,20:00:00
71729,,,8169,22-05-2025,08:00:00,20:00:00
71730,,,8170,23-05-2025,08:00:00,20:00:00
71731,,,8171,24-05-2025,08:00:00,20:00:00
71732,,,8172,25-05-2025,08:00:00,20:00:00
71733,,,8173,26-05-2025,08:00:00,20:00:00
71734,,,8174,27-05-2025,08:00:00,20:00:00
71735,,,8175,28-05-2025,08:00:00,20:00:00
71736,,,8176,29-05-2025,08:00:00,20:00:00
71737,,,8177,30-05-2025,08:00:00,20:00:00
71738,,,8178,31-05-2025,08:00:00,20:00:00
71739,,,8179,01-06-2025,08:00:00,20:00:00
71740,,,8180,02-06-2025,08:00:00,20:00:00
71741,,,8181,19-05-2025,08:00:00,20:00:00
71742,,,8182,20-05-2025,08:00:00,20:00:00
71743,,,8183,21-05-2025,08:00:00,20:00:00
71744,,,8184,22-05-2025,08:00:00,20:00:00
71745,,,8185,23-05-2025,08:00:00,20:00:00
71746,,,8186,24-05-2025,08:00:00,20:00:00
71747,,,8187,25-05-2025,08:00:00,20:00:00
71748,,,8188,26-05-2025,08:00:00,20:00:00
71749,,,8189,27-05-2025,08:00:00,20:00:00
71750,,,8190,28-05-2025,08:00:00,20:00:00
71751,,,8191,29-05-2025,08:00:00,20:00:00
71752,,,8192,30-05-2025,08:00:00,20:00:00
71753,,,8193,31-05-2025,08:00:00,20:00:00
71754,,,8194,01-06-2025,08:00:00,20:00:00
71755,,,8195,02-06-2025,08:00:00,20:00:00
71756,,,8196,19-05-2025,08:00:00,20:00:00
71757,,,8197,20-05-2025,08:00:00,20:00:00
71758,,,8198,21-05-2025,08:00:00,20:00:00
71759,,,8199,22-05-2025,08:00:00,20:00:00
71760,,,8200,23-05-2025,08:00:00,20:00:00
71761,,,8201,24-05-2025,08:00:00,20:00:00
71762,,,8202,25-05-2025,08:00:00,20:00:00
71763,,,8203,26-05-2025,08:00:00,20:00:00
71764,,,8204,27-05-2025,08:00:00,20:00:00
71765,,,8205,28-05-2025,08:00:00,20:00:00
71766,,,8206,29-05-2025,08:00:00,20:00:00
71767,,,8207,30-05-2025,08:00:00,20:00:00
71768,,,8208,31-05-2025,08:00:00,20:00:00
71769,,,8209,01-06-2025,08:00:00,20:00:00
71770,,,8210,02-06-2025,08:00:00,20:00:00
71771,,,8211,19-05-2025,08:00:00,20:00:00
71772,,,8212,20-05-2025,08:00:00,20:00:00
71773,,,8213,21-05-2025,08:00:00,20:00:00
71774,,,8214,22-05-2025,08:00:00,20:00:00
71775,,,8215,23-05-2025,08:00:00,20:00:00
71776,,,8216,24-05-2025,08:00:00,20:00:00
71777,,,8217,25-05-2025,08:00:00,20:00:00
71778,,,8218,26-05-2025,08:00:00,20:00:00
71779,,,8219,27-05-2025,08:00:00,20:00:00
71780,,,8220,28-05-2025,08:00:00,20:00:00
71781,,,8221,29-05-2025,08:00:00,20:00:00
71782,,,8222,30-05-2025,08:00:00,20:00:00
71783,,,8223,31-05-2025,08:00:00,20:00:00
71784,,,8224,01-06-2025,08:00:00,20:00:00
71785,,,8225,02-06-2025,08:00:00,20:00:00
71786,,,8226,19-05-2025,08:00:00,20:00:00
71787,,,8227,20-05-2025,20:00:00,08:00:00
71788,,,8228,21-05-2025,20:00:00,08:00:00
71789,,,8229,22-05-2025,20:00:00,08:00:00
71790,,,8230,23-05-2025,20:00:00,08:00:00
71791,,,8231,24-05-2025,20:00:00,08:00:00
71792,,,8232,25-05-2025,20:00:00,08:00:00
71793,,,8233,26-05-2025,20:00:00,08:00:00
71794,,,8234,27-05-2025,20:00:00,08:00:00
71795,,,8235,28-05-2025,20:00:00,08:00:00
71796,,,8236,29-05-2025,20:00:00,08:00:00
71797,,,8237,30-05-2025,20:00:00,08:00:00
71798,,,8238,31-05-2025,20:00:00,08:00:00
71799,,,8239,01-06-2025,20:00:00,08:00:00
71800,,,8240,02-06-2025,20:00:00,08:00:00
71801,,,8241,19-05-2025,20:00:00,08:00:00
71802,,,8242,20-05-2025,20:00:00,08:00:00
71803,,,8243,21-05-2025,20:00:00,08:00:00
71804,,,8244,22-05-2025,20:00:00,08:00:00
71805,,,8245,23-05-2025,20:00:00,08:00:00
71806,,,8246,24-05-2025,20:00:00,08:00:00
71807,,,8247,25-05-2025,20:00:00,08:00:00
71808,,,8248,26-05-2025,20:00:00,08:00:00
71809,,,8249,27-05-2025,20:00:00,08:00:00
71810,,,8250,28-05-2025,20:00:00,08:00:00
71811,,,8251,29-05-2025,20:00:00,08:00:00
71812,,,8252,30-05-2025,20:00:00,08:00:00
71813,,,8253,31-05-2025,20:00:00,08:00:00
71814,,,8254,01-06-2025,20:00:00,08:00:00
71815,,,8255,02-06-2025,20:00:00,08:00:00
71816,,,8256,19-05-2025,20:00:00,08:00:00
71817,,,8257,20-05-2025,20:00:00,08:00:00
71818,,,8258,21-05-2025,20:00:00,08:00:00
71819,,,8259,22-05-2025,20:00:00,08:00:00
71820,,,8260,23-05-2025,20:00:00,08:00:00
71821,,,8261,24-05-2025,20:00:00,08:00:00
71822,,,8262,25-05-2025,20:00:00,08:00:00
71823,,,8263,26-05-2025,20:00:00,08:00:00
71824,,,8264,27-05-2025,20:00:00,08:00:00
71825,,,8265,28-05-2025,20:00:00,08:00:00
71826,,,8266,29-05-2025,20:00:00,08:00:00
71827,,,8267,30-05-2025,20:00:00,08:00:00
71828,,,8268,31-05-2025,20:00:00,08:00:00
71829,,,8269,01-06-2025,20:00:00,08:00:00
71830,,,8270,02-06-2025,20:00:00,08:00:00
71831,,,8271,19-05-2025,20:00:00,08:00:00
71832,,,8272,20-05-2025,20:00:00,08:00:00
71833,,,8273,21-05-2025,20:00:00,08:00:00
71834,,,8274,22-05-2025,20:00:00,08:00:00
71835,,,8275,23-05-2025,20:00:00,08:00:00
71836,,,8276,24-05-2025,20:00:00,08:00:00
71837,,,8277,25-05-2025,20:00:00,08:00:00
71838,,,8278,26-05-2025,20:00:00,08:00:00
71839,,,8279,27-05-2025,20:00:00,08:00:00
71840,,,8280,28-05-2025,20:00:00,08:00:00
71841,,,8281,29-05-2025,20:00:00,08:00:00
71842,,,8282,30-05-2025,20:00:00,08:00:00
71843,,,8283,31-05-2025,20:00:00,08:00:00
71844,,,8284,01-06-2025,20:00:00,08:00:00
71845,,,8285,02-06-2025,20:00:00,08:00:00
71846,,,8286,19-05-2025,20:00:00,08:00:00
71847,,,8287,20-05-2025,20:00:00,08:00:00
71848,,,8288,21-05-2025,20:00:00,08:00:00
71849,,,8289,22-05-2025,20:00:00,08:00:00
71850,,,8290,23-05-2025,20:00:00,08:00:00
71851,,,8291,24-05-2025,20:00:00,08:00:00
71852,,,8292,25-05-2025,20:00:00,08:00:00
71853,,,8293,26-05-2025,20:00:00,08:00:00
71854,,,8294,27-05-2025,20:00:00,08:00:00
71855,,,8295,28-05-2025,20:00:00,08:00:00
71856,,,8296,29-05-2025,20:00:00,08:00:00
71857,,,8297,30-05-2025,20:00:00,08:00:00
71858,,,8298,31-05-2025,20:00:00,08:00:00
71859,,,8299,01-06-2025,20:00:00,08:00:00
71860,,,8300,02-06-2025,20:00:00,08:00:00
71861,,,8301,19-05-2025,20:00:00,08:00:00
71862,,,8302,20-05-2025,20:00:00,08:00:00
71863,,,8303,21-05-2025,20:00:00,08:00:00
71864,,,8304,22-05-2025,20:00:00,08:00:00
71865,,,8305,23-05-2025,20:00:00,08:00:00
71866,,,8306,24-05-2025,20:00:00,08:00:00
71867,,,8307,25-05-2025,20:00:00,08:00:00
71868,,,8308,26-05-2025,20:00:00,08:00:00
71869,,,8309,27-05-2025,20:00:00,08:00:00
71870,,,8310,28-05-2025,20:00:00,08:00:00
71871,,,8311,29-05-2025,20:00:00,08:00:00
71872,,,8312,30-05-2025,20:00:00,08:00:00
71873,,,8313,31-05-2025,20:00:00,08:00:00
71874,,,8314,01-06-2025,20:00:00,08:00:00
71875,,,8315,02-06-2025,20:00:00,08:00:00
71876,,,8316,19-05-2025,20:00:00,08:00:00
71877,,,8317,20-05-2025,20:00:00,08:00:00
71878,,,8318,21-05-2025,20:00:00,08:00:00
71879,,,8319,22-05-2025,20:00:00,08:00:00
71880,,,8320,23-05-2025,20:00:00,08:00:00
71881,,,8321,24-05-2025,20:00:00,08:00:00
71882,,,8322,25-05-2025,20:00:00,08:00:00
71883,,,8323,26-05-2025,20:00:00,08:00:00
71884,,,8324,27-05-2025,20:00:00,08:00:00
71885,,,8325,28-05-2025,20:00:00,08:00:00
71886,,,8326,29-05-2025,20:00:00,08:00:00
71887,,,8327,30-05-2025,20:00:00,08:00:00
71888,,,8328,31-05-2025,20:00:00,08:00:00
71889,,,8329,01-06-2025,20:00:00,08:00:00
71890,,,8330,02-06-2025,20:00:00,08:00:00
71891,,,8331,19-05-2025,20:00:00,08:00:00
71892,,,8332,20-05-2025,20:00:00,08:00:00
71893,,,8333,21-05-2025,20:00:00,08:00:00
71894,,,8334,22-05-2025,20:00:00,08:00:00
71895,,,8335,23-05-2025,20:00:00,08:00:00
71896,,,8336,24-05-2025,20:00:00,08:00:00
71897,,,8337,25-05-2025,20:00:00,08:00:00
71898,,,8338,26-05-2025,20:00:00,08:00:00
71899,,,8339,27-05-2025,20:00:00,08:00:00
71900,,,8340,28-05-2025,20:00:00,08:00:00
71901,,,8341,29-05-2025,20:00:00,08:00:00
71902,,,8342,30-05-2025,20:00:00,08:00:00
71903,,,8343,31-05-2025,20:00:00,08:00:00
71904,,,8344,01-06-2025,20:00:00,08:00:00
71905,,,8345,02-06-2025,20:00:00,08:00:00
71906,,,8346,19-05-2025,20:00:00,08:00:00
71907,,,8347,20-05-2025,20:00:00,08:00:00
71908,,,8348,21-05-2025,20:00:00,08:00:00
71909,,,8349,22-05-2025,20:00:00,08:00:00
71910,,,8350,23-05-2025,20:00:00,08:00:00
71911,,,8351,24-05-2025,20:00:00,08:00:00
71912,,,8352,25-05-2025,20:00:00,08:00:00
71913,,,8353,26-05-2025,20:00:00,08:00:00
71914,,,8354,27-05-2025,20:00:00,08:00:00
71915,,,8355,28-05-2025,20:00:00,08:00:00
71916,,,8356,29-05-2025,20:00:00,08:00:00
71917,,,8357,30-05-2025,20:00:00,08:00:00
71918,,,8358,31-05-2025,20:00:00,08:00:00
71919,,,8359,01-06-2025,20:00:00,08:00:00
71920,,,8360,02-06-2025,20:00:00,08:00:00
71921,,,8361,19-05-2025,20:00:00,08:00:00
71922,,,8362,20-05-2025,20:00:00,08:00:00
71923,,,8363,21-05-2025,20:00:00,08:00:00
71924,,,8364,22-05-2025,20:00:00,08:00:00
71925,,,8365,23-05-2025,20:00:00,08:00:00
71926,,,8366,24-05-2025,20:00:00,08:00:00
71927,,,8367,25-05-2025,20:00:00,08:00:00
71928,,,8368,26-05-2025,20:00:00,08:00:00
71929,,,8369,27-05-2025,20:00:00,08:00:00
71930,,,8370,28-05-2025,20:00:00,08:00:00
71931,,,8371,29-05-2025,20:00:00,08:00:00
71932,,,8372,30-05-2025,20:00:00,08:00:00
71933,,,8373,31-05-2025,20:00:00,08:00:00
71934,,,8374,01-06-2025,20:00:00,08:00:00
71935,,,8375,02-06-2025,20:00:00,08:00:00
71936,,,8376,19-05-2025,20:00:00,08:00:00
71937,,,8377,20-05-2025,20:00:00,08:00:00
71938,,,8378,21-05-2025,20:00:00,08:00:00
71939,,,8379,22-05-2025,20:00:00,08:00:00
71940,,,8380,23-05-2025,20:00:00,08:00:00
71941,,,8381,24-05-2025,20:00:00,08:00:00
71942,,,8382,25-05-2025,20:00:00,08:00:00
71943,,,8383,26-05-2025,20:00:00,08:00:00
71944,,,8384,27-05-2025,20:00:00,08:00:00
71945,,,8385,28-05-2025,20:00:00,08:00:00
71946,,,8386,29-05-2025,20:00:00,08:00:00
71947,,,8387,30-05-2025,20:00:00,08:00:00
71948,,,8388,31-05-2025,20:00:00,08:00:00
71949,,,8389,01-06-2025,20:00:00,08:00:00
71950,,,8390,02-06-2025,20:00:00,08:00:00
71951,,,8391,19-05-2025,20:00:00,08:00:00
71952,,,8392,20-05-2025,20:00:00,08:00:00
71953,,,8393,21-05-2025,20:00:00,08:00:00
71954,,,8394,22-05-2025,20:00:00,08:00:00
71955,,,8395,23-05-2025,20:00:00,08:00:00
71956,,,8396,24-05-2025,20:00:00,08:00:00
71957,,,8397,25-05-2025,20:00:00,08:00:00
71958,,,8398,26-05-2025,20:00:00,08:00:00
71959,,,8399,27-05-2025,20:00:00,08:00:00
71960,,,8400,28-05-2025,20:00:00,08:00:00
71961,,,8401,29-05-2025,20:00:00,08:00:00
71962,,,8402,30-05-2025,20:00:00,08:00:00
71963,,,8403,31-05-2025,20:00:00,08:00:00
71964,,,8404,01-06-2025,20:00:00,08:00:00
71965,,,8405,02-06-2025,20:00:00,08:00:00
71966,,,8406,19-05-2025,20:00:00,08:00:00
71967,,,8407,20-05-2025,20:00:00,08:00:00
71968,,,8408,21-05-2025,20:00:00,08:00:00
71969,,,8409,22-05-2025,20:00:00,08:00:00
71970,,,8410,23-05-2025,20:00:00,08:00:00
71971,,,8411,24-05-2025,20:00:00,08:00:00
71972,,,8412,25-05-2025,20:00:00,08:00:00
71973,,,8413,26-05-2025,20:00:00,08:00:00
71974,,,8414,27-05-2025,20:00:00,08:00:00
71975,,,8415,28-05-2025,20:00:00,08:00:00
71976,,,8416,29-05-2025,20:00:00,08:00:00
71977,,,8417,30-05-2025,20:00:00,08:00:00
71978,,,8418,31-05-2025,20:00:00,08:00:00
71979,,,8419,01-06-2025,20:00:00,08:00:00
71980,,,8420,02-06-2025,20:00:00,08:00:00
71981,,,8421,19-05-2025,20:00:00,08:00:00
71982,,,8422,20-05-2025,20:00:00,08:00:00
71983,,,8423,21-05-2025,20:00:00,08:00:00
71984,,,8424,22-05-2025,20:00:00,08:00:00
71985,,,8425,23-05-2025,20:00:00,08:00:00
71986,,,8426,24-05-2025,20:00:00,08:00:00
71987,,,8427,25-05-2025,20:00:00,08:00:00
71988,,,8428,26-05-2025,20:00:00,08:00:00
71989,,,8429,27-05-2025,20:00:00,08:00:00
71990,,,8430,28-05-2025,20:00:00,08:00:00
71991,,,8431,29-05-2025,20:00:00,08:00:00
71992,,,8432,30-05-2025,20:00:00,08:00:00
71993,,,8433,31-05-2025,20:00:00,08:00:00
71994,,,8434,01-06-2025,20:00:00,08:00:00
71995,,,8435,02-06-2025,20:00:00,08:00:00
71996,,,8436,19-05-2025,20:00:00,08:00:00
71997,,,8437,20-05-2025,20:00:00,08:00:00
71998,,,8438,21-05-2025,20:00:00,08:00:00
71999,,,8439,22-05-2025,20:00:00,08:00:00
72000,,,8440,23-05-2025,20:00:00,08:00:00
72001,,,8441,24-05-2025,20:00:00,08:00:00
72002,,,8442,25-05-2025,20:00:00,08:00:00
72003,,,8443,26-05-2025,20:00:00,08:00:00
72004,,,8444,27-05-2025,20:00:00,08:00:00
72005,,,8445,28-05-2025,20:00:00,08:00:00
72006,,,8446,29-05-2025,20:00:00,08:00:00
72007,,,8447,30-05-2025,20:00:00,08:00:00
72008,,,8448,31-05-2025,20:00:00,08:00:00
72009,,,8449,01-06-2025,20:00:00,08:00:00
72010,,,8450,02-06-2025,20:00:00,08:00:00
72011,,,8451,19-05-2025,20:00:00,08:00:00
72012,,,8452,20-05-2025,20:00:00,08:00:00
72013,,,8453,21-05-2025,20:00:00,08:00:00
72014,,,8454,22-05-2025,20:00:00,08:00:00
72015,,,8455,23-05-2025,20:00:00,08:00:00
72016,,,8456,24-05-2025,20:00:00,08:00:00
72017,,,8457,25-05-2025,20:00:00,08:00:00
72018,,,8458,26-05-2025,20:00:00,08:00:00
72019,,,8459,27-05-2025,20:00:00,08:00:00
72020,,,8460,28-05-2025,20:00:00,08:00:00
72021,,,8461,29-05-2025,20:00:00,08:00:00
72022,,,8462,30-05-2025,20:00:00,08:00:00
72023,,,8463,31-05-2025,20:00:00,08:00:00
72024,,,8464,01-06-2025,20:00:00,08:00:00
72025,,,8465,02-06-2025,20:00:00,08:00:00
72026,,,8466,19-05-2025,20:00:00,08:00:00
72027,,,8467,20-05-2025,20:00:00,08:00:00
72028,,,8468,21-05-2025,20:00:00,08:00:00
72029,,,8469,22-05-2025,20:00:00,08:00:00
72030,,,8470,23-05-2025,20:00:00,08:00:00
72031,,,8471,24-05-2025,20:00:00,08:00:00
72032,,,8472,25-05-2025,20:00:00,08:00:00
72033,,,8473,26-05-2025,20:00:00,08:00:00
72034,,,8474,27-05-2025,20:00:00,08:00:00
72035,,,8475,28-05-2025,20:00:00,08:00:00
72036,,,8476,29-05-2025,20:00:00,08:00:00
72037,,,8477,30-05-2025,20:00:00,08:00:00
72038,,,8478,31-05-2025,20:00:00,08:00:00
72039,,,8479,01-06-2025,20:00:00,08:00:00
72040,,,8480,02-06-2025,20:00:00,08:00:00
72041,,,8481,19-05-2025,20:00:00,08:00:00
72042,,,8482,20-05-2025,20:00:00,08:00:00
72043,,,8483,21-05-2025,20:00:00,08:00:00
72044,,,8484,22-05-2025,20:00:00,08:00:00
72045,,,8485,23-05-2025,20:00:00,08:00:00
72046,,,8486,24-05-2025,20:00:00,08:00:00
72047,,,8487,25-05-2025,20:00:00,08:00:00
72048,,,8488,26-05-2025,20:00:00,08:00:00
72049,,,8489,27-05-2025,20:00:00,08:00:00
72050,,,8490,28-05-2025,20:00:00,08:00:00
72051,,,8491,29-05-2025,20:00:00,08:00:00
72052,,,8492,30-05-2025,20:00:00,08:00:00
72053,,,8493,31-05-2025,20:00:00,08:00:00
72054,,,8494,01-06-2025,20:00:00,08:00:00
72055,,,8495,02-06-2025,20:00:00,08:00:00
72056,,,8496,19-05-2025,20:00:00,08:00:00
72057,,,8497,20-05-2025,20:00:00,08:00:00
72058,,,8498,21-05-2025,20:00:00,08:00:00
72059,,,8499,22-05-2025,20:00:00,08:00:00
72060,,,8500,23-05-2025,20:00:00,08:00:00
